t_sec,phase,F_ext_x,F_ext_y,F_ext_z,correction_x_mm,correction_y_mm,correction_z_mm,tool_rot_x_deg,tool_rot_y_deg,tool_rot_z_deg
0.0014,approaching,0.0000,0.0000,0.0000,0.0000,0.0000,0.0000,179.9704,-0.0895,179.9102
0.0122,approaching,0.0000,0.0000,0.0000,0.0000,0.0000,0.0000,179.9704,-0.0895,179.9102
0.0207,approaching,0.0000,0.0000,0.0000,0.0000,0.0000,0.0000,179.9704,-0.0895,179.9102
0.0297,approaching,0.0000,0.0000,0.0000,0.0000,0.0000,0.0000,179.9704,-0.0895,179.9102
0.0395,approaching,0.0000,0.0000,0.0000,0.0000,0.0000,0.0000,179.9704,-0.0895,179.9102
0.0489,approaching,0.0000,0.0000,0.0000,0.0000,0.0000,0.0000,179.9704,-0.0895,179.9102
0.0591,approaching,0.0000,0.0000,0.0000,0.0000,0.0000,0.0000,179.9704,-0.0895,179.9102
0.0689,approaching,0.0000,0.0000,0.0000,0.0000,0.0000,0.0000,179.9704,-0.0895,179.9102
0.0795,approaching,0.0000,0.0000,0.0000,0.0000,0.0000,0.0000,179.9704,-0.0895,179.9102
0.0895,approaching,0.0000,0.0000,0.0000,0.0000,0.0000,0.0000,179.9704,-0.0895,179.9102
0.0994,approaching,0.0000,0.0000,0.0000,0.0000,0.0000,0.0000,179.9704,-0.0895,179.9102
0.1095,approaching,0.0000,0.0000,0.0000,0.0000,0.0000,0.0000,179.9704,-0.0895,179.9102
0.1195,approaching,0.0000,0.0000,0.0000,0.0000,0.0000,0.0000,179.9704,-0.0895,179.9102
0.1298,approaching,0.0000,0.0000,0.2091,0.0000,0.0000,0.0000,179.9703,-0.0899,179.9102
0.1395,approaching,0.0000,0.2037,0.2191,0.0000,0.0000,0.0000,179.9695,-0.0917,179.9102
0.1497,approaching,0.0000,0.2124,0.2285,0.0000,0.0000,0.0000,179.9695,-0.0917,179.9102
0.1602,approaching,0.0000,0.2208,0.2375,0.0000,0.0000,0.0000,179.9698,-0.0909,179.9101
0.1704,approaching,0.0000,0.2287,0.2460,0.0000,0.0000,0.0000,179.9701,-0.0902,179.9101
0.1795,approaching,0.0000,0.2363,0.2542,0.0000,0.0000,0.0000,179.9701,-0.0902,179.9101
0.1900,approaching,0.0000,0.2434,0.2619,0.0000,0.0000,0.0000,179.9702,-0.0899,179.9101
0.1992,approaching,0.0000,0.2502,0.2692,0.0000,0.0000,0.0000,179.9705,-0.0894,179.9100
0.2091,approaching,0.0000,0.2567,0.2761,0.0000,0.0000,0.0000,179.9705,-0.0894,179.9100
0.2191,approaching,0.0000,0.2628,0.2827,0.0000,0.0000,0.0000,179.9707,-0.0889,179.9100
0.2304,approaching,0.0000,0.2687,0.2890,0.0000,0.0000,0.0000,179.9703,-0.0897,179.9100
0.2390,approaching,0.0000,0.2742,0.2950,0.0000,0.0000,0.0000,179.9703,-0.0897,179.9100
0.2490,approaching,0.0000,0.2795,0.3006,0.0000,0.0000,0.0000,179.9704,-0.0896,179.9100
0.2601,approaching,0.0000,0.2845,0.3060,0.0000,0.0000,0.0000,179.9701,-0.0902,179.9100
0.2695,approaching,0.0000,0.2892,0.3111,0.0000,0.0000,0.0000,179.9701,-0.0902,179.9100
0.2797,approaching,0.0000,0.2937,0.3160,0.0000,0.0000,0.0000,179.9701,-0.0902,179.9099
0.2894,approaching,0.0000,0.2980,0.3206,0.0000,0.0000,0.0000,179.9703,-0.0896,179.9099
0.2997,approaching,0.0000,0.3021,0.3249,0.0000,0.0000,0.0000,179.9703,-0.0896,179.9099
0.3098,approaching,0.0000,0.3059,0.3291,0.0000,0.0000,0.0000,179.9701,-0.0901,179.9099
0.3193,approaching,0.0000,0.3096,0.3331,0.0000,0.0000,0.0000,179.9702,-0.0900,179.9099
0.3299,approaching,0.0000,0.3131,0.3368,0.0000,0.0000,0.0000,179.9702,-0.0900,179.9099
0.3397,approaching,0.0000,0.3164,0.3404,0.0000,0.0000,0.0000,179.9699,-0.0906,179.9098
0.3495,approaching,0.0000,0.3196,0.3438,0.0000,0.0000,0.0000,179.9702,-0.0898,179.9098
0.3597,approaching,0.0000,0.3226,0.3470,0.0000,0.0000,0.0000,179.9702,-0.0898,179.9098
0.3693,approaching,0.0000,0.3254,0.3501,0.0000,0.0000,0.0000,179.9698,-0.0909,179.9098
0.3793,approaching,0.0000,0.3281,0.3530,0.0000,0.0000,0.0000,179.9697,-0.0911,179.9098
0.3895,approaching,0.0000,0.3307,0.3557,0.0000,0.0000,0.0000,179.9697,-0.0911,179.9098
0.3997,approaching,0.0000,0.3331,0.3583,0.0000,0.0000,0.0000,179.9698,-0.0909,179.9097
0.4097,approaching,0.0000,0.3354,0.3608,0.0000,0.0000,0.0000,179.9695,-0.0916,179.9097
0.4200,approaching,0.0000,0.3376,0.3632,0.0000,0.0000,0.0000,179.9695,-0.0916,179.9097
0.4298,approaching,0.0000,0.3397,0.3655,0.0000,0.0000,0.0000,179.9697,-0.0912,179.9097
0.4396,approaching,0.0000,0.3417,0.3676,0.0000,0.0000,0.0000,179.9698,-0.0909,179.9097
0.4498,approaching,0.0000,0.3436,0.3696,0.0000,0.0000,0.0000,179.9698,-0.0909,179.9097
0.4596,approaching,0.0000,0.3454,0.3715,0.0000,0.0000,0.0000,179.9697,-0.0912,179.9096
0.4694,approaching,0.0000,0.3471,0.3734,0.0000,0.0000,0.0000,179.9697,-0.0912,179.9096
0.4796,approaching,0.0000,0.3487,0.3751,0.0000,0.0000,0.0000,179.9697,-0.0912,179.9096
0.4897,approaching,0.0000,0.3502,0.3768,0.0000,0.0000,0.0000,179.9698,-0.0909,179.9096
0.4995,approaching,0.0000,0.3517,0.3783,0.0000,0.0000,0.0000,179.9697,-0.0911,179.9096
0.5096,approaching,0.0000,0.3531,0.3798,0.0000,0.0000,0.0000,179.9697,-0.0911,179.9096
0.5202,approaching,0.0000,0.3544,0.3813,0.0000,0.0000,0.0000,179.9699,-0.0905,179.9096
0.5294,approaching,0.0000,0.3557,0.3826,0.0000,0.0000,0.0000,179.9699,-0.0905,179.9095
0.5395,approaching,0.0000,0.3569,0.3839,0.0000,0.0000,0.0000,179.9699,-0.0905,179.9095
0.5496,approaching,0.0000,0.3580,0.3851,0.0000,0.0000,0.0000,179.9696,-0.0914,179.9095
0.5598,approaching,0.0000,0.3591,0.3862,0.0000,0.0000,0.0000,179.9698,-0.0907,179.9095
0.5697,approaching,0.0000,0.3601,0.3873,0.0000,0.0000,0.0000,179.9698,-0.0907,179.9095
0.5808,approaching,0.0000,0.3610,0.3884,0.0000,0.0000,0.0000,179.9697,-0.0910,179.9098
0.5902,approaching,0.0000,0.3620,0.3894,0.0000,0.0000,0.0000,179.9694,-0.0917,179.9098
0.5997,approaching,0.0000,0.3628,0.3903,0.0000,0.0000,0.0000,179.9694,-0.0917,179.9098
0.6095,approaching,0.0000,0.3637,0.3912,0.0000,0.0000,0.0000,179.9697,-0.0910,179.9098
0.6195,approaching,0.0000,0.3645,0.3921,0.0000,0.0000,0.0000,179.9697,-0.0911,179.9098
0.6294,approaching,0.0000,0.3652,0.3929,0.0000,0.0000,0.0000,179.9697,-0.0911,179.9098
0.6393,approaching,0.0000,0.3659,0.3936,0.0000,0.0000,0.0000,179.9696,-0.0913,179.9094
0.6499,approaching,0.0000,0.3666,0.3944,0.0000,0.0000,0.0000,179.9693,-0.0921,179.9093
0.6594,approaching,0.0000,0.3672,0.3950,0.0000,0.0000,0.0000,179.9693,-0.0921,179.9093
0.6696,approaching,0.0000,0.3678,0.3957,0.0000,0.0000,0.0000,179.9692,-0.0921,179.9093
0.6800,approaching,0.0000,0.3684,0.3963,0.0000,0.0000,0.0000,179.9697,-0.0910,179.9093
0.6893,approaching,0.0000,0.3690,0.3969,0.0000,0.0000,0.0000,179.9697,-0.0910,179.9093
0.7005,approaching,0.0000,0.3695,0.3975,0.0000,0.0000,0.0000,179.9701,-0.0901,179.9093
0.7096,approaching,0.0000,0.3700,0.3980,0.0000,0.0000,0.0000,179.9700,-0.0903,179.9092
0.7197,approaching,0.0000,0.3705,0.3985,0.0000,0.0000,0.0000,179.9700,-0.0903,179.9092
0.7296,approaching,0.0000,0.3709,0.3990,0.0000,0.0000,0.0000,179.9701,-0.0900,179.9096
0.7404,approaching,0.0000,0.3713,0.3995,0.0000,0.0000,0.0000,179.9699,-0.0905,179.9101
0.7494,approaching,0.0000,0.3717,0.3999,0.0000,0.0000,0.0000,179.9699,-0.0905,179.9101
0.7596,approaching,0.0000,0.3721,0.4003,0.0000,0.0000,0.0000,179.9700,-0.0902,179.9101
0.7690,approaching,0.0000,0.3725,0.4007,0.0000,0.0000,0.0000,179.9698,-0.0908,179.9100
0.7792,approaching,0.0000,0.3728,0.4011,0.0000,0.0000,0.0000,179.9698,-0.0908,179.9100
0.7894,approaching,0.0000,0.3732,0.4014,0.0000,0.0000,0.0000,179.9700,-0.0902,179.9106
0.7993,approaching,0.0000,0.3735,0.4018,0.0000,0.0000,0.0000,179.9702,-0.0898,179.9102
0.8094,approaching,0.0000,0.3738,0.4021,0.0000,0.0000,0.0000,179.9702,-0.0898,179.9102
0.8207,approaching,0.0000,0.3741,0.4024,0.0000,0.0000,0.0000,179.9700,-0.0902,179.9102
0.8291,approaching,0.0000,0.3743,0.4027,0.0000,0.0000,0.0000,179.9698,-0.0908,179.9102
0.8391,approaching,0.0000,0.3746,0.4030,0.0000,0.0000,0.0000,179.9698,-0.0908,179.9102
0.8500,approaching,0.0000,0.3748,0.4032,0.0000,0.0000,0.0000,179.9698,-0.0908,179.9102
0.8599,approaching,0.0000,0.3751,0.4035,0.0000,0.0000,0.0000,179.9698,-0.0907,179.9101
0.8699,approaching,0.0000,0.3753,0.4037,0.0000,0.0000,0.0000,179.9698,-0.0907,179.9101
0.8797,approaching,0.0000,0.3755,0.4039,0.0000,0.0000,0.0000,179.9696,-0.0912,179.9101
0.8895,approaching,0.0000,0.3757,0.4041,0.0000,0.0000,0.0000,179.9697,-0.0908,179.9101
0.8996,approaching,0.0000,0.3759,0.4043,0.0000,0.0000,0.0000,179.9697,-0.0908,179.9101
0.9106,approaching,0.0000,0.3761,0.4045,0.0000,0.0000,0.0000,179.9696,-0.0911,179.9104
0.9203,approaching,0.0000,0.3762,0.4047,0.0000,0.0000,0.0000,179.9695,-0.0913,179.9104
0.9302,approaching,0.0000,0.3764,0.4049,0.0000,0.0000,0.0000,179.9695,-0.0913,179.9104
0.9401,approaching,0.0000,0.3765,0.4051,0.0000,0.0000,0.0000,179.9696,-0.0910,179.9104
0.9502,approaching,0.0000,0.3767,0.4052,0.0000,0.0000,0.0000,179.9695,-0.0913,179.9103
0.9604,approaching,0.0000,0.3768,0.4054,0.0000,0.0000,0.0000,179.9695,-0.0913,179.9103
0.9691,approaching,0.0000,0.3770,0.4055,0.0000,0.0000,0.0000,179.9695,-0.0913,179.9105
0.9791,approaching,0.0000,0.3563,0.3832,0.0000,0.0000,0.0000,179.9693,-0.0917,179.9105
0.9900,approaching,0.0000,0.3370,0.3623,0.0000,0.0000,0.0000,179.9693,-0.0917,179.9105
0.9997,approaching,0.0000,0.3189,0.3427,0.0000,0.0000,0.0000,179.9693,-0.0918,179.9104
1.0090,approaching,0.0000,0.3018,0.3241,0.0000,0.0000,0.0000,179.9690,-0.0924,179.9104
1.0190,approaching,0.0000,0.2852,0.3062,0.0000,0.0000,0.0000,179.9690,-0.0924,179.9104
1.0306,approaching,0.0000,0.2695,0.2891,0.0000,0.0000,0.0000,179.9695,-0.0913,179.9104
1.0392,approaching,0.0000,0.2542,0.2726,0.0000,0.0000,0.0000,179.9696,-0.0910,179.9104
1.0492,approaching,0.0000,0.2398,0.2570,0.0000,0.0000,0.0000,179.9696,-0.0910,179.9104
1.0606,approaching,0.0000,0.2260,0.2421,0.0000,0.0000,0.0000,179.9699,-0.0903,179.9103
1.0688,approaching,0.0000,0.2130,0.2279,0.0000,0.0000,0.0000,179.9697,-0.0909,179.9103
1.0788,approaching,0.0000,0.2005,0.2140,0.0000,0.0000,0.0000,179.9697,-0.0909,179.9103
1.0892,approaching,0.0000,0.0000,0.2008,0.0000,0.0000,0.0000,179.9698,-0.0906,179.9103
1.0991,approaching,0.0000,0.0000,0.0000,0.0000,0.0000,0.0000,179.9703,-0.0893,179.9106
1.1088,approaching,0.0000,0.0000,0.0000,0.0000,0.0000,0.0000,179.9703,-0.0893,179.9106
1.1188,approaching,0.0000,0.0000,0.0000,0.0000,0.0000,0.0000,179.9699,-0.0902,179.9106
1.1288,approaching,0.0000,0.0000,0.0000,0.0000,0.0000,0.0000,179.9699,-0.0903,179.9102
1.1395,approaching,0.0000,0.0000,0.0000,0.0000,0.0000,0.0000,179.9699,-0.0903,179.9102
1.1494,approaching,0.0000,0.0000,0.0000,0.0000,0.0000,0.0000,179.9698,-0.0906,179.9102
1.1589,approaching,0.0000,0.0000,0.0000,0.0000,0.0000,0.0000,179.9698,-0.0906,179.9102
1.1694,approaching,0.0000,0.0000,0.0000,0.0000,0.0000,0.0000,179.9698,-0.0906,179.9102
1.1793,approaching,0.0000,0.0000,0.0000,0.0000,0.0000,0.0000,179.9698,-0.0905,179.9107
1.1892,approaching,0.0000,0.0000,0.0000,0.0000,0.0000,0.0000,179.9697,-0.0908,179.9107
1.1991,approaching,0.0000,0.0000,0.0000,0.0000,0.0000,0.0000,179.9697,-0.0908,179.9107
1.2091,approaching,0.0000,0.0000,0.0000,0.0000,0.0000,0.0000,179.9696,-0.0910,179.9106
1.2190,approaching,0.0000,0.0000,0.0000,0.0000,0.0000,0.0000,179.9696,-0.0910,179.9106
1.2290,approaching,0.0000,0.0000,0.0000,0.0000,0.0000,0.0000,179.9696,-0.0910,179.9106
1.2393,approaching,0.0000,0.0000,0.0000,0.0000,0.0000,0.0000,179.9695,-0.0913,179.9106
1.2493,approaching,0.0000,0.0000,0.0000,0.0000,0.0000,0.0000,179.9694,-0.0915,179.9106
1.2588,approaching,0.0000,0.0000,0.0000,0.0000,0.0000,0.0000,179.9694,-0.0915,179.9106
1.2688,approaching,0.0000,0.0000,0.0000,0.0000,0.0000,0.0000,179.9696,-0.0911,179.9106
1.2799,approaching,0.0000,0.0000,0.0000,0.0000,0.0000,0.0000,179.9699,-0.0903,179.9105
1.2898,approaching,0.0000,0.0000,0.0000,0.0000,0.0000,0.0000,179.9699,-0.0903,179.9105
1.2988,approaching,0.0000,0.0000,0.0000,0.0000,0.0000,0.0000,179.9698,-0.0905,179.9105
1.3088,approaching,0.0000,0.0000,0.0000,0.0000,0.0000,0.0000,179.9698,-0.0905,179.9105
1.3188,approaching,0.0000,0.0000,0.0000,0.0000,0.0000,0.0000,179.9698,-0.0905,179.9105
1.3295,approaching,0.0000,0.0000,0.0000,0.0000,0.0000,0.0000,179.9698,-0.0905,179.9105
1.3402,approaching,0.0000,0.0000,0.0000,0.0000,0.0000,0.0000,179.9700,-0.0901,179.9104
1.3488,approaching,0.0000,0.0000,0.0000,0.0000,0.0000,0.0000,179.9700,-0.0901,179.9104
1.3587,approaching,0.0000,0.0000,0.0000,0.0000,0.0000,0.0000,179.9695,-0.0912,179.9104
1.3689,approaching,0.0000,0.0000,0.0000,0.0000,0.0000,0.0000,179.9697,-0.0906,179.9104
1.3787,approaching,0.0000,0.0000,0.0000,0.0000,0.0000,0.0000,179.9697,-0.0906,179.9104
1.3897,approaching,0.0000,0.0000,0.0000,0.0000,0.0000,0.0000,179.9695,-0.0912,179.9103
1.3996,approaching,0.0000,0.0000,0.0000,0.0000,0.0000,0.0000,179.9695,-0.0912,179.9103
1.4088,approaching,0.0000,0.0000,0.0000,0.0000,0.0000,0.0000,179.9695,-0.0912,179.9103
1.4188,approaching,0.0000,0.0000,0.0000,0.0000,0.0000,0.0000,179.9694,-0.0913,179.9107
1.4301,approaching,0.0000,0.0000,0.0000,0.0000,0.0000,0.0000,179.9696,-0.0909,179.9107
1.4397,approaching,0.0000,0.0000,0.0000,0.0000,0.0000,0.0000,179.9696,-0.0909,179.9107
1.4490,approaching,0.0000,0.0000,0.0000,0.0000,0.0000,0.0000,179.9695,-0.0911,179.9106
1.4606,approaching,0.0000,0.0000,0.0000,0.0000,0.0000,0.0000,179.9697,-0.0905,179.9106
1.4690,approaching,0.0000,0.0000,0.0000,0.0000,0.0000,0.0000,179.9697,-0.0905,179.9106
1.4790,approaching,0.0000,0.0000,0.0000,0.0000,0.0000,0.0000,179.9700,-0.0899,179.9102
1.4898,approaching,0.0000,0.0000,0.0000,0.0000,0.0000,0.0000,179.9701,-0.0897,179.9102
1.4990,approaching,0.0000,0.0000,0.0000,0.0000,0.0000,0.0000,179.9701,-0.0897,179.9102
1.5098,approaching,0.0000,0.0000,0.0000,0.0000,0.0000,0.0000,179.9698,-0.0904,179.9102
1.5190,approaching,0.0000,0.0000,0.0000,0.0000,0.0000,0.0000,179.9695,-0.0910,179.9102
1.5307,approaching,0.0000,0.0000,0.0000,0.0000,0.0000,0.0000,179.9695,-0.0910,179.9102
1.5399,approaching,0.0000,0.0000,0.0000,0.0000,0.0000,0.0000,179.9695,-0.0911,179.9101
1.5494,approaching,0.0000,0.0000,0.0000,0.0000,0.0000,0.0000,179.9693,-0.0915,179.9101
1.5600,approaching,0.0000,0.0000,0.0000,0.0000,0.0000,0.0000,179.9693,-0.0915,179.9101
1.5690,approaching,0.0000,0.0000,0.0000,0.0000,0.0000,0.0000,179.9693,-0.0916,179.9104
1.5791,approaching,0.0000,0.0000,0.0000,0.0000,0.0000,0.0000,179.9695,-0.0912,179.9104
1.5894,approaching,0.0000,0.0000,0.0000,0.0000,0.0000,0.0000,179.9695,-0.0912,179.9104
1.5989,approaching,0.0000,0.0000,0.0000,0.0000,0.0000,0.0000,179.9695,-0.0912,179.9104
1.6088,approaching,0.0000,0.0000,0.0000,0.0000,0.0000,0.0000,179.9695,-0.0912,179.9104
1.6188,approaching,0.0000,0.0000,0.0000,0.0000,0.0000,0.0000,179.9695,-0.0912,179.9104
1.6288,approaching,0.0000,0.0000,0.0000,0.0000,0.0000,0.0000,179.9695,-0.0911,179.9104
1.6397,approaching,0.0000,0.0000,0.0000,0.0000,0.0000,0.0000,179.9695,-0.0911,179.9103
1.6502,approaching,0.0000,0.0000,0.0000,0.0000,0.0000,0.0000,179.9695,-0.0911,179.9103
1.6603,approaching,0.0000,0.0000,0.0000,0.0000,0.0000,0.0000,179.9696,-0.0908,179.9103
1.6690,approaching,0.0000,0.0000,0.0000,0.0000,0.0000,0.0000,179.9695,-0.0910,179.9103
1.6804,approaching,0.0000,0.0000,0.0000,0.0000,0.0000,0.0000,179.9695,-0.0910,179.9103
1.6896,approaching,0.0000,0.0000,0.0000,0.0000,0.0000,0.0000,179.9693,-0.0914,179.9103
1.6988,approaching,0.0000,0.0000,0.0000,0.0000,0.0000,0.0000,179.9695,-0.0912,179.9102
1.7094,approaching,0.0000,0.0000,0.0000,0.0000,0.0000,0.0000,179.9695,-0.0912,179.9102
1.7188,approaching,0.0000,0.0000,0.0000,0.0000,0.0000,0.0000,179.9691,-0.0919,179.9099
1.7289,approaching,0.0000,0.0000,0.0000,0.0000,0.0000,0.0000,179.9692,-0.0916,179.9098
1.7394,approaching,0.0000,0.0000,0.0000,0.0000,0.0000,0.0000,179.9692,-0.0916,179.9098
1.7488,approaching,0.0000,0.0000,0.0000,0.0000,0.0000,0.0000,179.9694,-0.0914,179.9102
1.7598,approaching,0.0000,0.0000,0.0000,0.0000,0.0000,0.0000,179.9692,-0.0918,179.9101
1.7690,approaching,0.0000,0.0000,0.0000,0.0000,0.0000,0.0000,179.9692,-0.0918,179.9101
1.7802,approaching,0.0000,0.0000,0.0000,0.0000,0.0000,0.0000,179.9694,-0.0912,179.9101
1.7893,approaching,0.0000,0.0000,0.0000,0.0000,0.0000,0.0000,179.9695,-0.0909,179.9097
1.7997,approaching,0.0000,0.0000,0.0000,0.0000,0.0000,0.0000,179.9695,-0.0909,179.9097
1.8092,approaching,0.0000,0.0000,0.0000,0.0000,0.0000,0.0000,179.9695,-0.0910,179.9097
1.8192,approaching,0.0000,0.0000,0.0000,0.0000,0.0000,0.0000,179.9694,-0.0913,179.9097
1.8290,approaching,0.0000,0.0000,0.0000,0.0000,0.0000,0.0000,179.9694,-0.0913,179.9097
1.8400,approaching,0.0000,0.0000,0.0000,0.0000,0.0000,0.0000,179.9694,-0.0912,179.9102
1.8489,approaching,0.0000,0.0000,0.0000,0.0000,0.0000,0.0000,179.9694,-0.0912,179.9102
1.8589,approaching,0.0000,0.0000,0.0000,0.0000,0.0000,0.0000,179.9694,-0.0912,179.9102
1.8688,approaching,0.0000,0.0000,0.0000,0.0000,0.0000,0.0000,179.9693,-0.0915,179.9102
1.8799,approaching,0.0000,0.0000,0.0000,0.0000,0.0000,0.0000,179.9696,-0.0907,179.9101
1.8891,approaching,0.0000,0.0000,0.0000,0.0000,0.0000,0.0000,179.9696,-0.0907,179.9101
1.8991,approaching,0.0000,0.0000,0.0000,0.0000,0.0000,0.0000,179.9696,-0.0908,179.9101
1.9099,approaching,0.0000,0.0000,0.0000,0.0000,0.0000,0.0000,179.9697,-0.0905,179.9101
1.9212,approaching,0.0000,0.0000,0.0000,0.0000,0.0000,0.0000,179.9697,-0.0905,179.9101
1.9292,approaching,0.0000,0.0000,0.0000,0.0000,0.0000,0.0000,179.9697,-0.0904,179.9100
1.9395,approaching,0.0000,0.0000,0.0000,0.0000,0.0000,0.0000,179.9697,-0.0905,179.9100
1.9502,approaching,0.0000,0.0000,0.0000,0.0000,0.0000,0.0000,179.9697,-0.0905,179.9100
1.9588,approaching,0.0000,0.0000,0.0000,0.0000,0.0000,0.0000,179.9698,-0.0901,179.9100
1.9689,approaching,0.0000,0.0000,0.0000,0.0000,0.0000,0.0000,179.9698,-0.0902,179.9105
1.9790,approaching,0.0000,0.0000,0.0000,0.0000,0.0000,0.0000,179.9698,-0.0902,179.9105
1.9894,approaching,0.0000,0.0000,0.0000,0.0000,0.0000,0.0000,179.9698,-0.0902,179.9105
1.9990,approaching,0.0000,0.0000,0.0000,0.0000,0.0000,0.0000,179.9699,-0.0899,179.9105
2.0092,approaching,0.0000,0.0000,0.0000,0.0000,0.0000,0.0000,179.9699,-0.0899,179.9105
2.0200,approaching,0.0000,0.0000,0.0000,0.0000,0.0000,0.0000,179.9697,-0.0903,179.9105
2.0291,approaching,0.0000,0.0000,0.0000,0.0000,0.0000,0.0000,179.9699,-0.0901,179.9104
2.0405,approaching,0.0000,0.0000,0.0000,0.0000,0.0000,0.0000,179.9699,-0.0901,179.9104
2.0490,approaching,0.0000,0.0000,0.0000,0.0000,0.0000,0.0000,179.9699,-0.0900,179.9104
2.0592,approaching,0.0000,0.0000,0.0000,0.0000,0.0000,0.0000,179.9699,-0.0899,179.9104
2.0688,approaching,0.0000,0.0000,0.0000,0.0000,0.0000,0.0000,179.9699,-0.0899,179.9104
2.0788,approaching,0.0000,0.0000,0.0000,0.0000,0.0000,0.0000,179.9706,-0.0898,179.9107
2.0897,approaching,0.0000,0.0000,0.0000,0.0000,0.0000,0.0000,179.9704,-0.0903,179.9107
2.0994,approaching,0.0000,0.0000,0.0000,0.0000,0.0000,0.0000,179.9704,-0.0903,179.9107
2.1091,approaching,0.0000,0.0000,0.0000,0.0000,0.0000,0.0000,179.9704,-0.0901,179.9107
2.1190,approaching,0.0000,0.0000,0.0000,0.0000,0.0000,0.0000,179.9705,-0.0900,179.9107
2.1291,approaching,0.0000,0.0000,0.0000,0.0000,0.0000,0.0000,179.9705,-0.0900,179.9107
2.1394,approaching,0.0000,0.0000,0.0000,0.0000,0.0000,0.0000,179.9706,-0.0896,179.9106
2.1490,approaching,0.0000,0.0000,0.0000,0.0000,0.0000,0.0000,179.9705,-0.0899,179.9102
2.1589,approaching,0.0000,0.0000,0.0000,0.0000,0.0000,0.0000,179.9705,-0.0899,179.9102
2.1688,approaching,0.0000,0.0000,0.0000,0.0000,0.0000,0.0000,179.9700,-0.0911,179.9102
2.1789,approaching,0.0000,0.0000,0.0000,0.0000,0.0000,0.0000,179.9700,-0.0912,179.9102
2.1899,approaching,0.0000,0.0000,0.0000,0.0000,0.0000,0.0000,179.9700,-0.0912,179.9102
2.1994,approaching,0.0000,0.0000,0.0000,0.0000,0.0000,0.0000,179.9699,-0.0914,179.9102
2.2089,approaching,0.0000,0.0000,0.0000,0.0000,0.0000,0.0000,179.9700,-0.0910,179.9107
2.2205,approaching,0.0000,0.0000,0.0000,0.0000,0.0000,0.0000,179.9700,-0.0910,179.9107
2.2288,approaching,0.0000,0.0000,0.0000,0.0000,0.0000,0.0000,179.9698,-0.0916,179.9107
2.2394,approaching,0.0000,0.0000,0.0000,0.0000,0.0000,0.0000,179.9696,-0.0920,179.9107
2.2496,approaching,0.0000,0.0000,0.0000,0.0000,0.0000,0.0000,179.9696,-0.0920,179.9107
2.2612,approaching,0.0000,0.0000,0.0000,0.0000,0.0000,0.0000,179.9696,-0.0921,179.9106
2.2688,approaching,0.0000,0.0000,0.0000,0.0000,0.0000,0.0000,179.9699,-0.0912,179.9106
2.2795,approaching,0.0000,0.0000,0.0000,0.0000,0.0000,0.0000,179.9699,-0.0912,179.9106
2.2888,approaching,0.0000,0.0000,0.0000,0.0000,0.0000,0.0000,179.9701,-0.0909,179.9106
2.2992,approaching,0.0000,0.0000,0.0000,0.0000,0.0000,0.0000,179.9696,-0.0920,179.9106
2.3099,approaching,0.0000,0.0000,0.0000,0.0000,0.0000,0.0000,179.9696,-0.0920,179.9106
2.3190,approaching,0.0000,0.0000,0.0000,0.0000,0.0000,0.0000,179.9695,-0.0922,179.9105
2.3302,approaching,0.0000,0.0000,0.0000,0.0000,0.0000,0.0000,179.9694,-0.0926,179.9105
2.3400,approaching,0.0000,0.0000,0.0000,0.0000,0.0000,0.0000,179.9694,-0.0926,179.9105
2.3489,approaching,0.0000,0.0000,0.0000,0.0000,0.0000,0.0000,179.9696,-0.0920,179.9105
2.3594,approaching,0.0000,0.0000,0.0000,0.0000,0.0000,0.0000,179.9696,-0.0920,179.9105
2.3690,approaching,0.0000,0.0000,0.0000,0.0000,0.0000,0.0000,179.9696,-0.0920,179.9105
2.3789,approaching,0.0000,0.0000,0.0000,0.0000,0.0000,0.0000,179.9696,-0.0919,179.9105
2.3889,approaching,0.0000,0.0000,0.0000,0.0000,0.0000,0.0000,179.9699,-0.0913,179.9104
2.3990,approaching,0.0000,0.0000,0.0000,0.0000,0.0000,0.0000,179.9699,-0.0913,179.9104
2.4090,approaching,0.0000,0.0000,0.0000,0.0000,0.0000,0.0000,179.9698,-0.0916,179.9104
2.4198,approaching,0.0000,0.0000,0.0000,0.0000,0.0000,0.0000,179.9697,-0.0916,179.9104
2.4300,approaching,0.0000,0.0000,0.0000,0.0000,0.0000,0.0000,179.9697,-0.0916,179.9104
2.4390,approaching,0.0000,0.0000,0.0000,0.0000,0.0000,0.0000,179.9696,-0.0919,179.9104
2.4493,approaching,0.0000,0.0000,0.0000,0.0000,0.0000,0.0000,179.9698,-0.0914,179.9103
2.4590,approaching,0.0000,0.0000,0.0000,0.0000,0.0000,0.0000,179.9698,-0.0914,179.9103
2.4710,approaching,0.0000,0.0000,0.0000,0.0000,0.0000,0.0000,179.9699,-0.0912,179.9103
2.4796,approaching,0.0000,0.0000,0.0000,0.0000,0.0000,0.0000,179.9696,-0.0919,179.9103
2.4896,approaching,0.0000,0.0000,0.0000,0.0000,0.0000,0.0000,179.9696,-0.0919,179.9103
2.4989,approaching,0.0000,0.0000,0.0000,0.0000,0.0000,0.0000,179.9697,-0.0917,179.9103
2.5088,approaching,0.0000,0.0000,0.0000,0.0000,0.0000,0.0000,179.9697,-0.0918,179.9102
2.5194,approaching,0.0000,0.0000,0.0000,0.0000,0.0000,0.0000,179.9697,-0.0918,179.9102
2.5311,approaching,0.0000,0.0000,0.0000,0.0000,0.0000,0.0000,179.9694,-0.0923,179.9102
2.5397,approaching,0.0000,0.0000,0.0000,0.0000,0.0000,0.0000,179.9694,-0.0924,179.9102
2.5488,approaching,0.0000,0.0000,0.0000,0.0000,0.0000,0.0000,179.9694,-0.0924,179.9102
2.5592,approaching,0.0000,0.0000,0.0000,0.0000,0.0000,0.0000,179.9695,-0.0922,179.9102
2.5691,approaching,0.0000,0.0000,0.0000,0.0000,0.0000,0.0000,179.9696,-0.0919,179.9101
2.5796,approaching,0.0000,0.0000,0.0000,0.0000,0.0000,0.0000,179.9696,-0.0919,179.9101
2.5900,approaching,0.0000,0.0000,0.0000,0.0000,0.0000,0.0000,179.9701,-0.0908,179.9105
2.5989,approaching,0.0000,0.0000,0.0000,0.0000,0.0000,0.0000,179.9698,-0.0915,179.9104
2.6089,approaching,0.0000,0.0000,0.0000,0.0000,0.0000,0.0000,179.9698,-0.0915,179.9104
2.6202,approaching,0.0000,0.0000,0.0000,0.0000,0.0000,0.0000,179.9699,-0.0911,179.9104
2.6294,approaching,0.0000,0.0000,0.0000,0.0000,0.0000,0.0000,179.9698,-0.0914,179.9104
2.6389,approaching,0.0000,0.0000,0.0000,0.0000,0.0000,0.0000,179.9698,-0.0914,179.9104
2.6502,approaching,0.0000,0.0000,0.0000,0.0000,0.0000,0.0000,179.9699,-0.0913,179.9100
2.6588,approaching,0.0000,0.0000,0.0000,0.0000,0.0000,0.0000,179.9699,-0.0912,179.9100
2.6688,approaching,0.0000,0.0000,0.0000,0.0000,0.0000,0.0000,179.9699,-0.0912,179.9100
2.6804,approaching,0.0000,0.0000,0.0000,0.0000,0.0000,0.0000,179.9700,-0.0909,179.9099
2.6891,approaching,0.0000,0.0000,0.0000,0.0000,0.0000,0.0000,179.9699,-0.0912,179.9099
2.6991,approaching,0.0000,0.0000,0.0000,0.0000,0.0000,0.0000,179.9699,-0.0912,179.9099
2.7095,approaching,0.0000,0.0000,0.0000,0.0000,0.0000,0.0000,179.9701,-0.0908,179.9099
2.7188,approaching,0.0000,0.0000,0.0000,0.0000,0.0000,0.0000,179.9698,-0.0913,179.9099
2.7295,approaching,0.0000,0.0000,0.0000,0.0000,0.0000,0.0000,179.9698,-0.0913,179.9099
2.7390,approaching,0.0000,0.0000,0.0000,0.0000,0.0000,0.0000,179.9698,-0.0913,179.9099
2.7490,approaching,0.0000,0.0000,0.0000,0.0000,0.0000,0.0000,179.9702,-0.0904,179.9099
2.7603,approaching,0.0000,0.0000,0.0000,0.0000,0.0000,0.0000,179.9702,-0.0904,179.9099
2.7689,approaching,0.0000,0.0000,0.0000,0.0000,0.0000,0.0000,179.9700,-0.0908,179.9098
2.7797,approaching,0.0000,0.0000,0.0000,0.0000,0.0000,0.0000,179.9699,-0.0911,179.9098
2.7894,approaching,0.0000,0.0000,0.0000,0.0000,0.0000,0.0000,179.9699,-0.0911,179.9098
2.7988,approaching,0.0000,0.0000,0.0000,0.0000,0.0000,0.0000,179.9700,-0.0910,179.9098
2.8093,approaching,0.0000,0.0000,0.0000,0.0000,0.0000,0.0000,179.9701,-0.0907,179.9098
2.8188,approaching,0.0000,0.0000,0.0000,0.0000,0.0000,0.0000,179.9701,-0.0907,179.9098
2.8294,approaching,0.0000,0.0000,0.0000,0.0000,0.0000,0.0000,179.9702,-0.0904,179.9097
2.8390,approaching,0.0000,0.0000,0.0000,0.0000,0.0000,0.0000,179.9704,-0.0900,179.9097
2.8492,approaching,0.0000,0.0000,0.0000,0.0000,0.0000,0.0000,179.9704,-0.0900,179.9097
2.8589,approaching,0.0000,0.0000,0.0000,0.0000,0.0000,0.0000,179.9702,-0.0904,179.9097
2.8692,approaching,0.0000,0.0000,0.0000,0.0000,0.0000,0.0000,179.9702,-0.0905,179.9096
2.8798,approaching,0.0000,0.0000,0.0000,0.0000,0.0000,0.0000,179.9702,-0.0905,179.9096
2.8888,approaching,0.0000,0.0000,0.0000,0.0000,0.0000,0.0000,179.9699,-0.0911,179.9096
2.8993,approaching,0.0000,0.0000,0.0000,0.0000,0.0000,0.0000,179.9697,-0.0915,179.9096
2.9089,approaching,0.0000,0.0000,0.0000,0.0000,0.0000,0.0000,179.9697,-0.0915,179.9096
2.9189,approaching,0.0000,0.0000,0.0000,0.0000,0.0000,0.0000,179.9701,-0.0906,179.9096
2.9311,approaching,0.0000,0.0000,0.0000,0.0000,0.0000,0.0000,179.9702,-0.0903,179.9101
2.9393,approaching,0.0000,0.0000,0.0000,0.0000,0.0000,0.0000,179.9702,-0.0903,179.9101
2.9489,approaching,0.0000,0.0000,0.0000,0.0000,0.0000,0.0000,179.9701,-0.0905,179.9101
2.9594,approaching,0.0000,0.0000,0.0000,0.0000,0.0000,0.0000,179.9700,-0.0909,179.9100
2.9691,approaching,0.0000,0.0000,0.0000,0.0000,0.0000,0.0000,179.9700,-0.0909,179.9100
2.9800,approaching,0.0000,0.0000,0.0000,0.0000,0.0000,0.0000,179.9697,-0.0915,179.9100
2.9892,approaching,0.0000,0.0000,0.0000,0.0000,0.0000,0.0000,179.9696,-0.0918,179.9100
2.9989,approaching,0.0000,0.0000,0.0000,0.0000,0.0000,0.0000,179.9696,-0.0918,179.9100
3.0089,approaching,0.0000,0.0000,0.0000,0.0000,0.0000,0.0000,179.9701,-0.0907,179.9100
3.0198,approaching,0.0000,0.0000,0.0000,0.0000,0.0000,0.0000,179.9700,-0.0909,179.9105
3.0304,approaching,0.0000,0.0000,0.0000,0.0000,0.0000,0.0000,179.9700,-0.0909,179.9105
3.0391,approaching,0.0000,0.0000,0.0000,0.0000,0.0000,0.0000,179.9698,-0.0913,179.9105
3.0491,approaching,0.0000,0.0000,0.0000,0.0000,0.0000,0.0000,179.9698,-0.0914,179.9105
3.0603,approaching,0.0000,0.0000,0.0000,0.0000,0.0000,0.0000,179.9698,-0.0914,179.9105
3.0690,approaching,0.0000,0.0000,0.0000,0.0000,0.0000,0.0000,179.9699,-0.0910,179.9104
3.0792,approaching,0.0000,0.0000,0.0000,0.0000,0.0000,0.0000,179.9700,-0.0909,179.9108
3.0917,approaching,0.0000,0.0000,0.0000,0.0000,0.0000,0.0000,179.9700,-0.0909,179.9108
3.0989,approaching,0.0000,0.0000,0.0000,0.0000,0.0000,0.0000,179.9699,-0.0911,179.9108
3.1088,approaching,0.0000,0.0000,0.0000,0.0000,0.0000,0.0000,179.9699,-0.0911,179.9108
3.1197,approaching,0.0000,0.0000,0.0000,0.0000,0.0000,0.0000,179.9699,-0.0911,179.9108
3.1293,approaching,0.0000,0.0000,0.0000,0.0000,0.0000,0.0000,179.9698,-0.0914,179.9107
3.1393,approaching,0.0000,0.0000,0.0000,0.0000,0.0000,0.0000,179.9698,-0.0913,179.9107
3.1492,approaching,0.0000,0.0000,0.0000,0.0000,0.0000,0.0000,179.9698,-0.0913,179.9107
3.1588,approaching,0.0000,0.0000,0.0000,0.0000,0.0000,0.0000,179.9697,-0.0915,179.9107
3.1691,approaching,0.0000,0.0000,0.0000,0.0000,0.0000,0.0000,179.9696,-0.0916,179.9106
3.1796,approaching,0.0000,0.0000,0.0000,0.0000,0.0000,0.0000,179.9696,-0.0916,179.9106
3.1895,approaching,0.0000,0.0000,0.0000,0.0000,0.0000,0.0000,179.9700,-0.0908,179.9106
3.1989,approaching,0.0000,0.0000,0.0000,0.0000,0.0000,0.0000,179.9698,-0.0912,179.9106
3.2088,approaching,0.0000,0.0000,0.0000,0.0000,0.0000,0.0000,179.9698,-0.0912,179.9106
3.2188,approaching,0.0000,0.0000,0.0000,0.0000,0.0000,0.0000,179.9698,-0.0913,179.9106
3.2288,approaching,0.0000,0.0000,0.0000,0.0000,0.0000,0.0000,179.9704,-0.0913,179.9102
3.2395,approaching,0.0000,0.0000,0.0000,0.0000,0.0000,0.0000,179.9704,-0.0913,179.9102
3.2490,approaching,0.0000,0.0000,0.0000,0.0000,0.0000,0.0000,179.9703,-0.0915,179.9102
3.2590,approaching,0.0000,0.0000,0.0000,0.0000,0.0000,0.0000,179.9704,-0.0913,179.9111
3.2692,approaching,0.0000,0.0000,0.0000,0.0000,0.0000,0.0000,179.9704,-0.0913,179.9111
3.2791,approaching,0.0000,0.0000,0.0000,0.0000,0.0000,0.0000,179.9703,-0.0915,179.9110
3.2900,approaching,0.0000,0.0000,0.0000,0.0000,0.0000,0.0000,179.9700,-0.0922,179.9110
3.2993,approaching,0.0000,0.0000,0.0000,0.0000,0.0000,0.0000,179.9700,-0.0922,179.9110
3.3089,approaching,0.0000,0.0000,0.0000,0.0000,0.0000,0.0000,179.9702,-0.0917,179.9110
3.3190,approaching,0.0000,0.0000,0.0000,0.0000,0.0000,0.0000,179.9701,-0.0919,179.9106
3.3291,approaching,0.0000,0.0000,0.0000,0.0000,0.0000,0.0000,179.9701,-0.0919,179.9106
3.3396,approaching,0.0000,0.0000,0.0000,0.0000,0.0000,0.0000,179.9700,-0.0921,179.9106
3.3492,approaching,0.0000,0.0000,0.0000,0.0000,0.0000,0.0000,179.9704,-0.0912,179.9105
3.3594,approaching,0.0000,0.0000,0.0000,0.0000,0.0000,0.0000,179.9704,-0.0912,179.9105
3.3690,approaching,0.0000,0.0000,0.0000,0.0000,0.0000,0.0000,179.9704,-0.0911,179.9105
3.3801,approaching,0.0000,0.0000,0.0000,0.0000,0.0000,0.0000,179.9705,-0.0909,179.9105
3.3894,approaching,0.0000,0.0000,0.0000,0.0000,0.0000,0.0000,179.9705,-0.0909,179.9105
3.3992,approaching,0.0000,0.0000,0.0000,0.0000,0.0000,0.0000,179.9706,-0.0908,179.9105
3.4097,approaching,0.0000,0.0000,0.0000,0.0000,0.0000,0.0000,179.9704,-0.0912,179.9108
3.4189,approaching,0.0000,0.0000,0.0000,0.0000,0.0000,0.0000,179.9704,-0.0912,179.9108
3.4305,approaching,0.0000,0.0000,0.0000,0.0000,0.0000,0.0000,179.9703,-0.0915,179.9108
3.4390,approaching,0.0000,0.0000,0.0000,0.0000,0.0000,0.0000,179.9700,-0.0921,179.9108
3.4493,approaching,0.0000,0.0000,0.0000,0.0000,0.0000,0.0000,179.9700,-0.0921,179.9108
3.4605,approaching,0.0000,0.0000,0.0000,0.0000,0.0000,0.0000,179.9699,-0.0923,179.9107
3.4689,approaching,0.0000,0.0000,0.0000,0.0000,0.0000,0.0000,179.9702,-0.0917,179.9107
3.4789,approaching,0.0000,0.0000,0.0000,0.0000,0.0000,0.0000,179.9702,-0.0917,179.9107
3.4901,approaching,0.0000,0.0000,0.0000,0.0000,0.0000,0.0000,179.9704,-0.0911,179.9103
3.4991,approaching,0.0000,0.0000,0.0000,0.0000,0.0000,0.0000,179.9704,-0.0911,179.9103
3.5089,approaching,0.0000,0.0000,0.0000,0.0000,0.0000,0.0000,179.9704,-0.0911,179.9103
3.5192,approaching,0.0000,0.0000,0.0000,0.0000,0.0000,0.0000,179.9707,-0.0903,179.9103
3.5289,approaching,0.0000,0.0000,0.0000,0.0000,0.0000,0.0000,179.9704,-0.0911,179.9103
3.5390,approaching,0.0000,0.0000,0.0000,0.0000,0.0000,0.0000,179.9704,-0.0911,179.9103
3.5497,approaching,0.0000,0.0000,0.0000,0.0000,0.0000,0.0000,179.9705,-0.0908,179.9102
3.5590,approaching,0.0000,0.0000,0.0000,0.0000,0.0000,0.0000,179.9706,-0.0907,179.9102
3.5701,approaching,0.0000,0.0000,0.0000,0.0000,0.0000,0.0000,179.9706,-0.0907,179.9102
3.5790,approaching,0.0000,0.0000,0.0000,0.0000,0.0000,0.0000,179.9704,-0.0911,179.9102
3.5889,approaching,0.0000,0.0000,0.0000,0.0000,0.0000,0.0000,179.9704,-0.0912,179.9105
3.5992,approaching,0.0000,0.0000,0.0000,0.0000,0.0000,0.0000,179.9704,-0.0912,179.9105
3.6092,approaching,0.0000,0.0000,0.0000,0.0000,0.0000,0.0000,179.9703,-0.0914,179.9105
3.6204,approaching,0.0000,0.0000,0.0000,0.0000,0.0000,0.0000,179.9703,-0.0914,179.9105
3.6291,approaching,0.0000,0.0000,0.0000,0.0000,0.0000,0.0000,179.9703,-0.0914,179.9105
3.6391,approaching,0.0000,0.0000,0.0000,0.0000,0.0000,0.0000,179.9702,-0.0916,179.9104
3.6504,approaching,0.0000,0.0000,0.0000,0.0000,0.0000,0.0000,179.9702,-0.0915,179.9104
3.6593,approaching,0.0000,0.0000,0.0000,0.0000,0.0000,0.0000,179.9702,-0.0915,179.9104
3.6691,approaching,0.0000,0.0000,0.0000,0.0000,0.0000,0.0000,179.9706,-0.0907,179.9104
3.6791,approaching,0.0000,0.0000,0.0000,0.0000,0.0000,0.0000,179.9707,-0.0905,179.9104
3.6892,approaching,0.0000,0.0000,0.0000,0.0000,0.0000,0.0000,179.9707,-0.0905,179.9104
3.6992,approaching,0.0000,0.0000,0.0000,0.0000,0.0000,0.0000,179.9706,-0.0907,179.9104
3.7100,approaching,0.0000,0.0000,0.0000,0.0000,0.0000,0.0000,179.9704,-0.0910,179.9103
3.7188,approaching,0.0000,0.0000,0.0000,0.0000,0.0000,0.0000,179.9704,-0.0910,179.9103
3.7289,approaching,0.0000,0.0000,0.0000,0.0000,0.0000,0.0000,179.9704,-0.0912,179.9103
3.7401,approaching,0.0000,0.0000,0.0000,0.0000,0.0000,0.0000,179.9704,-0.0911,179.9103
3.7496,approaching,0.0000,0.0000,0.0000,0.0000,0.0000,0.0000,179.9704,-0.0911,179.9103
3.7589,approaching,0.0000,0.0000,0.0000,0.0000,0.0000,0.0000,179.9703,-0.0914,179.9099
3.7689,approaching,0.0000,0.0000,0.0000,0.0000,0.0000,0.0000,179.9700,-0.0921,179.9099
3.7790,approaching,0.0000,0.0000,0.0000,0.0000,0.0000,0.0000,179.9700,-0.0921,179.9099
3.7895,approaching,0.0000,0.0000,0.0000,0.0000,0.0000,0.0000,179.9704,-0.0912,179.9102
3.7993,approaching,0.0000,0.0000,0.0000,0.0000,0.0000,0.0000,179.9703,-0.0913,179.9098
3.8089,approaching,0.0000,0.0000,0.0000,0.0000,0.0000,0.0000,179.9703,-0.0913,179.9098
3.8202,approaching,0.0000,0.0000,0.0000,0.0000,0.0000,0.0000,179.9704,-0.0910,179.9098
3.8288,approaching,0.0000,0.0000,0.0000,0.0000,0.0000,0.0000,179.9705,-0.0908,179.9098
3.8389,approaching,0.0000,0.0000,0.0000,0.0000,0.0000,0.0000,179.9705,-0.0908,179.9098
3.8492,approaching,0.0000,0.0000,0.0000,0.0000,0.0000,0.0000,179.9704,-0.0912,179.9097
3.8589,approaching,0.0000,0.0000,0.0000,0.0000,0.0000,0.0000,179.9704,-0.0912,179.9097
3.8698,approaching,0.0000,0.0000,0.0000,0.0000,0.0000,0.0000,179.9704,-0.0912,179.9097
3.8789,approaching,0.0000,0.0000,0.0000,0.0000,0.0000,0.0000,179.9705,-0.0909,179.9097
3.8889,approaching,0.0000,0.0000,0.0000,0.0000,0.0000,0.0000,179.9707,-0.0903,179.9097
3.9012,approaching,0.0000,0.0000,0.0000,0.0000,0.0000,0.0000,179.9707,-0.0903,179.9097
3.9101,approaching,0.0000,0.0000,0.0000,0.0000,0.0000,0.0000,179.9703,-0.0912,179.9097
3.9188,approaching,0.0000,0.0000,0.0000,0.0000,0.0000,0.0000,179.9703,-0.0913,179.9100
3.9288,approaching,0.0000,0.0000,0.0000,0.0000,0.0000,0.0000,179.9703,-0.0913,179.9100
3.9405,approaching,0.0000,0.0000,0.0000,0.0000,0.0000,0.0000,179.9700,-0.0919,179.9100
3.9492,approaching,0.0000,0.0000,0.0000,0.0000,0.0000,0.0000,179.9701,-0.0918,179.9099
3.9594,approaching,0.0000,0.0000,0.0000,0.0000,0.0000,0.0000,179.9701,-0.0918,179.9099
3.9688,approaching,0.0000,0.0000,0.0000,0.0000,0.0000,0.0000,179.9701,-0.0917,179.9099
3.9789,approaching,0.0000,0.0000,0.0000,0.0000,0.0000,0.0000,179.9700,-0.0920,179.9099
3.9888,approaching,0.0000,0.0000,0.0000,0.0000,0.0000,0.0000,179.9700,-0.0920,179.9099
3.9995,approaching,0.0000,0.0000,0.0000,0.0000,0.0000,0.0000,179.9700,-0.0919,179.9099
4.0096,approaching,0.0000,0.0000,0.0000,0.0000,0.0000,0.0000,179.9701,-0.0918,179.9104
4.0189,approaching,0.0000,0.0000,0.0000,0.0000,0.0000,0.0000,179.9701,-0.0918,179.9104
4.0289,approaching,0.0000,0.0000,0.0000,0.0000,0.0000,0.0000,179.9702,-0.0914,179.9104
4.0388,approaching,0.0000,0.0000,0.0000,0.0000,0.0000,0.0000,179.9702,-0.0914,179.9104
4.0490,approaching,0.0000,0.0000,0.0000,0.0000,0.0000,0.0000,179.9702,-0.0914,179.9104
4.0593,approaching,0.0000,0.0000,0.0000,0.0000,0.0000,0.0000,179.9701,-0.0917,179.9103
4.0688,approaching,0.0000,0.0000,0.0000,0.0000,0.0000,0.0000,179.9702,-0.0916,179.9103
4.0795,approaching,0.0000,0.0000,0.0000,0.0000,0.0000,0.0000,179.9702,-0.0916,179.9103
4.0889,approaching,0.0000,0.0000,0.0000,0.0000,0.0000,0.0000,179.9700,-0.0918,179.9103
4.0989,approaching,0.0000,0.0000,0.0000,0.0000,0.0000,0.0000,179.9699,-0.0922,179.9103
4.1098,approaching,0.0000,0.0000,0.0000,0.0000,0.0000,0.0000,179.9699,-0.0922,179.9103
4.1188,approaching,0.0000,0.0000,0.0000,0.0000,0.0000,0.0000,179.9700,-0.0920,179.9108
4.1290,approaching,0.0000,0.0000,0.0000,0.0000,0.0000,0.0000,179.9700,-0.0919,179.9108
4.1405,approaching,0.0000,0.0000,0.0000,0.0000,0.0000,0.0000,179.9700,-0.0919,179.9108
4.1489,approaching,0.0000,0.0000,0.0000,0.0000,0.0000,0.0000,179.9701,-0.0918,179.9107
4.1593,approaching,0.0000,0.0000,0.0000,0.0000,0.0000,0.0000,179.9699,-0.0922,179.9107
4.1690,approaching,0.0000,0.0000,0.0000,0.0000,0.0000,0.0000,179.9699,-0.0922,179.9107
4.1789,approaching,0.0000,0.0000,0.0000,0.0000,0.0000,0.0000,179.9701,-0.0918,179.9107
4.1901,approaching,0.0000,0.0000,0.0000,0.0000,0.0000,0.0000,179.9702,-0.0915,179.9107
4.1994,approaching,0.0000,0.0000,0.0000,0.0000,0.0000,0.0000,179.9702,-0.0915,179.9107
4.2095,approaching,0.0000,0.0000,0.0000,0.0000,0.0000,0.0000,179.9703,-0.0911,179.9106
4.2188,approaching,0.0000,0.0000,0.0000,0.0000,0.0000,0.0000,179.9700,-0.0920,179.9106
4.2289,approaching,0.0000,0.0000,0.0000,0.0000,0.0000,0.0000,179.9700,-0.0920,179.9106
4.2389,approaching,0.0000,0.0000,0.0000,0.0000,0.0000,0.0000,179.9700,-0.0918,179.9106
4.2491,approaching,0.0000,0.0000,0.0000,0.0000,0.0000,0.0000,179.9700,-0.0918,179.9106
4.2613,approaching,0.0000,0.0000,0.0000,0.0000,0.0000,0.0000,179.9700,-0.0918,179.9106
4.2694,approaching,0.0000,0.0000,0.0000,0.0000,0.0000,0.0000,179.9702,-0.0915,179.9111
4.2789,approaching,0.0000,0.0000,0.0000,0.0000,0.0000,0.0000,179.9702,-0.0914,179.9111
4.2894,approaching,0.0000,0.0000,0.0000,0.0000,0.0000,0.0000,179.9702,-0.0914,179.9111
4.2988,approaching,0.0000,0.0000,0.0000,0.0000,0.0000,0.0000,179.9703,-0.0912,179.9111
4.3088,approaching,0.0000,0.0000,0.0000,0.0000,0.0000,0.0000,179.9704,-0.0909,179.9111
4.3193,approaching,0.0000,0.0000,0.0000,0.0000,0.0000,0.0000,179.9704,-0.0909,179.9111
4.3289,approaching,0.0000,0.0000,0.0000,0.0000,0.0000,0.0000,179.9704,-0.0909,179.9110
4.3395,approaching,0.0000,0.0000,0.0000,0.0000,0.0000,0.0000,179.9706,-0.0904,179.9110
4.3491,approaching,0.0000,0.0000,0.0000,0.0000,0.0000,0.0000,179.9706,-0.0904,179.9110
4.3593,approaching,0.0000,0.0000,0.0000,0.0000,0.0000,0.0000,179.9705,-0.0906,179.9110
4.3695,approaching,0.0000,0.0000,0.0000,0.0000,0.0000,0.0000,179.9707,-0.0902,179.9109
4.3801,approaching,0.0000,0.0000,0.0000,0.0000,0.0000,0.0000,179.9707,-0.0902,179.9109
4.3904,approaching,0.0000,0.0000,0.0000,0.0000,0.0000,0.0000,179.9704,-0.0908,179.9109
4.3990,approaching,0.0000,0.0000,0.0000,0.0000,0.0000,0.0000,179.9704,-0.0909,179.9109
4.4092,approaching,0.0000,0.0000,0.0000,0.0000,0.0000,0.0000,179.9704,-0.0909,179.9109
4.4199,approaching,0.0000,0.0000,0.0000,0.0000,0.0000,0.0000,179.9704,-0.0909,179.9109
4.4290,approaching,0.0000,0.0000,0.0000,0.0000,0.0000,0.0000,179.9703,-0.0912,179.9108
4.4389,approaching,0.0000,0.0000,0.0000,0.0000,0.0000,0.0000,179.9703,-0.0912,179.9108
4.4493,approaching,0.0000,0.0000,0.0000,0.0000,0.0000,0.0000,179.9703,-0.0911,179.9108
4.4589,approaching,0.0000,0.0000,0.0000,0.0000,0.0000,0.0000,179.9702,-0.0913,179.9108
4.4693,approaching,0.0000,0.0000,0.0000,0.0000,0.0000,0.0000,179.9702,-0.0913,179.9108
4.4804,approaching,0.0000,0.0000,0.0000,0.0000,0.0000,0.0000,179.9705,-0.0906,179.9108
4.4888,approaching,0.0000,0.0000,0.0000,0.0000,0.0000,0.0000,179.9706,-0.0905,179.9108
4.4989,approaching,0.0000,0.0000,0.0000,0.0000,0.0000,0.0000,179.9706,-0.0905,179.9108
4.5090,approaching,0.0000,0.0000,0.0000,0.0000,0.0000,0.0000,179.9706,-0.0904,179.9107
4.5192,approaching,0.0000,0.0000,0.0000,0.0000,0.0000,0.0000,179.9704,-0.0908,179.9107
4.5291,approaching,0.0000,0.0000,0.0000,0.0000,0.0000,0.0000,179.9704,-0.0908,179.9107
4.5394,approaching,0.0000,0.0000,0.0000,0.0000,0.0000,0.0000,179.9701,-0.0916,179.9107
4.5489,approaching,0.0000,0.0000,0.0000,0.0000,0.0000,0.0000,179.9702,-0.0913,179.9107
4.5589,approaching,0.0000,0.0000,0.0000,0.0000,0.0000,0.0000,179.9702,-0.0913,179.9107
4.5695,approaching,0.0000,0.0000,0.0000,0.0000,0.0000,0.0000,179.9702,-0.0914,179.9106
4.5807,approaching,0.0000,0.0000,0.0000,0.0000,0.0000,0.0000,179.9703,-0.0911,179.9106
4.5902,approaching,0.0000,0.0000,0.0000,0.0000,0.0000,0.0000,179.9703,-0.0911,179.9106
4.5988,approaching,0.0000,0.0000,0.0000,0.0000,0.0000,0.0000,179.9703,-0.0910,179.9106
4.6091,approaching,0.0000,0.0000,0.0000,0.0000,0.0000,0.0000,179.9705,-0.0906,179.9106
4.6189,approaching,0.0000,0.0000,0.0000,0.0000,0.0000,0.0000,179.9705,-0.0906,179.9106
4.6312,approaching,0.0000,0.0000,0.0000,0.0000,0.0000,0.0000,179.9705,-0.0906,179.9106
4.6390,approaching,0.0000,0.0000,0.0000,0.0000,0.0000,0.0000,179.9707,-0.0900,179.9105
4.6490,approaching,0.0000,0.0000,0.0000,0.0000,0.0000,0.0000,179.9707,-0.0900,179.9105
4.6588,approaching,0.0000,0.0000,0.0000,0.0000,0.0000,0.0000,179.9707,-0.0901,179.9105
4.6698,approaching,0.0000,0.0000,0.0000,0.0000,0.0000,0.0000,179.9706,-0.0903,179.9105
4.6791,approaching,0.0000,0.0000,0.0000,0.0000,0.0000,0.0000,179.9706,-0.0903,179.9105
4.6908,approaching,0.0000,0.0000,0.0000,0.0000,0.0000,0.0000,179.9704,-0.0907,179.9104
4.6990,approaching,0.0000,0.0000,0.0000,0.0000,0.0000,0.0000,179.9702,-0.0913,179.9104
4.7088,approaching,0.0000,0.0000,0.0000,0.0000,0.0000,0.0000,179.9702,-0.0913,179.9104
4.7189,approaching,0.0000,0.0000,0.0000,0.0000,0.0000,0.0000,179.9702,-0.0912,179.9104
4.7289,approaching,0.0000,0.0000,0.0000,0.0000,0.0000,0.0000,179.9703,-0.0911,179.9104
4.7412,approaching,0.0000,0.0000,0.0000,0.0000,0.0000,0.0000,179.9703,-0.0911,179.9104
4.7492,approaching,0.0000,0.0000,0.0000,0.0000,0.0000,0.0000,179.9702,-0.0914,179.9104
4.7589,approaching,0.0000,0.0000,0.0000,0.0000,0.0000,0.0000,179.9699,-0.0919,179.9103
4.7691,approaching,0.0000,0.0000,0.0000,0.0000,0.0000,0.0000,179.9699,-0.0919,179.9103
4.7794,approaching,0.0000,0.0000,0.0000,0.0000,0.0000,0.0000,179.9700,-0.0919,179.9103
4.7899,approaching,0.0000,0.0000,0.0000,0.0000,0.0000,0.0000,179.9699,-0.0921,179.9103
4.7991,approaching,0.0000,0.0000,0.0000,0.0000,0.0000,0.0000,179.9699,-0.0921,179.9103
4.8090,approaching,0.0000,0.0000,0.0000,0.0000,0.0000,0.0000,179.9697,-0.0923,179.9103
4.8195,approaching,0.0000,0.0000,0.0000,0.0000,0.0000,0.0000,179.9698,-0.0923,179.9102
4.8292,approaching,0.0000,0.0000,0.0000,0.0000,0.0000,0.0000,179.9698,-0.0923,179.9102
4.8394,approaching,0.0000,0.0000,0.0000,0.0000,0.0000,0.0000,179.9700,-0.0917,179.9102
4.8489,approaching,0.0000,0.0000,0.0000,0.0000,0.0000,0.0000,179.9702,-0.0912,179.9102
4.8605,approaching,0.0000,0.0000,0.0000,0.0000,0.0000,0.0000,179.9702,-0.0912,179.9102
4.8689,approaching,0.0000,0.0000,0.0000,0.0000,0.0000,0.0000,179.9699,-0.0920,179.9102
4.8789,approaching,0.0000,0.0000,0.0000,0.0000,0.0000,0.0000,179.9697,-0.0926,179.9101
4.8902,approaching,0.0000,0.0000,0.0000,0.0000,0.0000,0.0000,179.9697,-0.0926,179.9101
4.8994,approaching,0.0000,0.0000,0.0000,0.0000,0.0000,0.0000,179.9697,-0.0925,179.9101
4.9093,approaching,0.0000,0.0000,0.0000,0.0000,0.0000,0.0000,179.9698,-0.0922,179.9101
4.9193,approaching,0.0000,0.0000,0.0000,0.0000,0.0000,0.0000,179.9698,-0.0922,179.9101
4.9288,approaching,0.0000,0.0000,0.0000,0.0000,0.0000,0.0000,179.9699,-0.0919,179.9100
4.9395,approaching,0.0000,0.0000,0.0000,0.0000,0.0000,0.0000,179.9699,-0.0919,179.9100
4.9497,approaching,0.0000,0.0000,0.0000,0.0000,0.0000,0.0000,179.9699,-0.0919,179.9100
4.9591,approaching,0.0000,0.0000,0.0000,0.0000,0.0000,0.0000,179.9700,-0.0916,179.9100
4.9692,approaching,0.0000,0.0000,0.0000,0.0000,0.0000,0.0000,179.9702,-0.0912,179.9100
4.9809,approaching,0.0000,0.0000,0.0000,0.0000,0.0000,0.0000,179.9702,-0.0912,179.9100
4.9892,approaching,0.0000,0.0000,0.0000,0.0000,0.0000,0.0000,179.9701,-0.0915,179.9100
4.9997,approaching,0.0000,0.0000,0.0000,0.0000,0.0000,0.0000,179.9701,-0.0915,179.9100
5.0091,approaching,0.0000,0.0000,0.0000,0.0000,0.0000,0.0000,179.9701,-0.0915,179.9100
5.0192,approaching,0.0000,0.0000,0.0000,0.0000,0.0000,0.0000,179.9701,-0.0914,179.9099
5.0291,approaching,0.0000,0.0000,0.0000,0.0000,0.0000,0.0000,179.9700,-0.0918,179.9099
5.0399,approaching,0.0000,0.0000,0.0000,0.0000,0.0000,0.0000,179.9700,-0.0918,179.9099
5.0502,approaching,0.0000,0.0000,0.0000,0.0000,0.0000,0.0000,179.9701,-0.0914,179.9099
5.0592,approaching,0.0000,0.0000,0.0000,0.0000,0.0000,0.0000,179.9699,-0.0919,179.9099
5.0689,approaching,0.0000,0.0000,0.0000,0.0000,0.0000,0.0000,179.9699,-0.0919,179.9099
5.0789,approaching,0.0000,0.0000,0.0000,0.0000,0.0000,0.0000,179.9702,-0.0912,179.9098
5.0890,approaching,0.0000,0.0000,0.0000,0.0000,0.0000,0.0000,179.9705,-0.0904,179.9098
5.0998,approaching,0.0000,0.0000,0.0000,0.0000,0.0000,0.0000,179.9705,-0.0904,179.9098
5.1105,approaching,0.0000,0.0000,0.0000,0.0000,0.0000,0.0000,179.9706,-0.0903,179.9098
5.1188,approaching,0.0000,0.0000,0.0000,0.0000,0.0000,0.0000,179.9705,-0.0906,179.9098
5.1290,approaching,0.0000,0.0000,0.0000,0.0000,0.0000,0.0000,179.9705,-0.0906,179.9098
5.1389,approaching,0.0000,0.0000,0.0000,0.0000,0.0000,0.0000,179.9706,-0.0903,179.9103
5.1494,approaching,0.0000,0.0000,0.0000,0.0000,0.0000,0.0000,179.9704,-0.0907,179.9102
5.1596,approaching,0.0000,0.0000,0.0000,0.0000,0.0000,0.0000,179.9704,-0.0907,179.9102
5.1689,approaching,0.0000,0.0000,0.0000,0.0000,0.0000,0.0000,179.9701,-0.0914,179.9102
5.1789,approaching,0.0000,0.0000,0.0000,0.0000,0.0000,0.0000,179.9702,-0.0912,179.9102
5.1891,approaching,0.0000,0.0000,0.0000,0.0000,0.0000,0.0000,179.9702,-0.0912,179.9102
5.2013,approaching,0.0000,0.0000,0.0000,0.0000,0.0000,0.0000,179.9703,-0.0910,179.9102
5.2092,approaching,0.0000,0.0000,0.0000,0.0000,0.0000,0.0000,179.9705,-0.0904,179.9107
5.2189,approaching,0.0000,0.0000,0.0000,0.0000,0.0000,0.0000,179.9705,-0.0904,179.9107
5.2291,approaching,0.0000,0.0000,0.0000,0.0000,0.0000,0.0000,179.9706,-0.0903,179.9107
5.2389,approaching,0.0000,0.0000,0.0000,0.0000,0.0000,0.0000,179.9705,-0.0905,179.9107
5.2501,approaching,0.0000,0.0000,0.0000,0.0000,0.0000,0.0000,179.9705,-0.0905,179.9107
5.2597,approaching,0.0000,0.0000,0.0000,0.0000,0.0000,0.0000,179.9705,-0.0904,179.9106
5.2689,approaching,0.0000,0.0000,0.0000,0.0000,0.0000,0.0000,179.9706,-0.0902,179.9106
5.2789,approaching,0.0000,0.0000,0.0000,0.0000,0.0000,0.0000,179.9706,-0.0902,179.9106
5.2904,approaching,0.0000,0.0000,0.0000,0.0000,0.0000,0.0000,179.9706,-0.0902,179.9106
5.2989,approaching,0.0000,0.0000,0.0000,0.0000,0.0000,0.0000,179.9705,-0.0903,179.9111
5.3097,approaching,0.0000,0.0000,0.0000,0.0000,0.0000,0.0000,179.9705,-0.0903,179.9111
5.3193,approaching,0.0000,0.0000,0.0000,0.0000,0.0000,0.0000,179.9702,-0.0911,179.9111
5.3288,approaching,0.0000,0.0000,0.0000,0.0000,0.0000,0.0000,179.9698,-0.0922,179.9111
5.3390,approaching,0.0000,0.0000,0.0000,0.0000,0.0000,0.0000,179.9698,-0.0922,179.9111
5.3490,approaching,0.0000,0.0000,0.0000,0.0000,0.0000,0.0000,179.9696,-0.0926,179.9111
5.3599,approaching,0.0000,0.0000,0.0000,0.0000,0.0000,0.0000,179.9696,-0.0925,179.9110
5.3690,approaching,0.0000,0.0000,0.0000,0.0000,0.0000,0.0000,179.9696,-0.0925,179.9110
5.3790,approaching,0.0000,0.0000,0.0000,0.0000,0.0000,0.0000,179.9696,-0.0925,179.9110
5.3892,approaching,0.0000,0.0000,0.0000,0.0000,0.0000,0.0000,179.9697,-0.0924,179.9110
5.3992,approaching,0.0000,0.0000,0.0000,0.0000,0.0000,0.0000,179.9697,-0.0924,179.9110
5.4092,approaching,0.0000,0.0000,0.0000,0.0000,0.0000,0.0000,179.9699,-0.0918,179.9110
5.4194,approaching,0.0000,0.0000,0.0000,0.0000,0.0000,0.0000,179.9702,-0.0912,179.9109
5.4302,approaching,0.0000,0.0000,0.0000,0.0000,0.0000,0.0000,179.9702,-0.0912,179.9109
5.4390,approaching,0.0000,0.0000,0.0000,0.0000,0.0000,0.0000,179.9701,-0.0915,179.9109
5.4495,approaching,0.0000,0.0000,0.0000,0.0000,0.0000,0.0000,179.9701,-0.0914,179.9109
5.4588,approaching,0.0000,0.0000,0.0000,0.0000,0.0000,0.0000,179.9701,-0.0914,179.9109
5.4697,approaching,0.0000,0.0000,0.0000,0.0000,0.0000,0.0000,179.9701,-0.0914,179.9109
5.4790,approaching,0.0000,0.0000,0.0000,0.0000,0.0000,0.0000,179.9700,-0.0915,179.9108
5.4889,approaching,0.0000,0.0000,0.0000,0.0000,0.0000,0.0000,179.9700,-0.0915,179.9108
5.5002,approaching,0.0000,0.0000,0.0000,0.0000,0.0000,0.0000,179.9703,-0.0909,179.9108
5.5096,approaching,0.0000,0.0000,0.0000,0.0000,0.0000,0.0000,179.9701,-0.0913,179.9108
5.5195,approaching,0.0000,0.0000,0.0000,0.0000,0.0000,0.0000,179.9701,-0.0913,179.9108
5.5296,approaching,0.0000,0.0000,0.0000,0.0000,0.0000,0.0000,179.9704,-0.0908,179.9108
5.5388,approaching,0.0000,0.0000,0.0000,0.0000,0.0000,0.0000,179.9703,-0.0908,179.9108
5.5501,approaching,0.0000,0.0000,0.0000,0.0000,0.0000,0.0000,179.9703,-0.0908,179.9108
5.5588,approaching,0.0000,0.0000,0.0000,0.0000,0.0000,0.0000,179.9703,-0.0909,179.9107
5.5691,approaching,0.0000,0.0000,0.0000,0.0000,0.0000,0.0000,179.9702,-0.0911,179.9107
5.5798,approaching,0.0000,0.0000,0.0000,0.0000,0.0000,0.0000,179.9702,-0.0911,179.9107
5.5894,approaching,0.0000,0.0000,0.0000,0.0000,0.0000,0.0000,179.9702,-0.0911,179.9107
5.5988,approaching,0.0000,0.0000,0.0000,0.0000,0.0000,0.0000,179.9698,-0.0920,179.9107
5.6091,approaching,0.0000,0.0000,0.0000,0.0000,0.0000,0.0000,179.9698,-0.0920,179.9107
5.6197,approaching,0.0000,0.0000,0.0000,0.0000,0.0000,0.0000,179.9700,-0.0915,179.9106
5.6306,approaching,0.0000,0.0000,0.0000,0.0000,0.0000,0.0000,179.9700,-0.0916,179.9106
5.6410,approaching,0.0000,0.0000,0.0000,0.0000,0.0000,0.0000,179.9700,-0.0916,179.9106
5.6491,approaching,0.0000,0.0000,0.0000,0.0000,0.0000,0.0000,179.9699,-0.0919,179.9106
5.6589,approaching,0.0000,0.0000,0.0000,0.0000,0.0000,0.0000,179.9701,-0.0913,179.9105
5.6688,approaching,0.0000,0.0000,0.0000,0.0000,0.0000,0.0000,179.9701,-0.0913,179.9105
5.6809,approaching,0.0000,0.0000,0.0000,0.0000,0.0000,0.0000,179.9701,-0.0914,179.9105
5.6895,approaching,0.0000,0.0000,0.0000,0.0000,0.0000,0.0000,179.9701,-0.0913,179.9105
5.6990,approaching,0.0000,0.0000,0.0000,0.0000,0.0000,0.0000,179.9701,-0.0913,179.9105
5.7090,approaching,0.0000,0.0000,0.0000,0.0000,0.0000,0.0000,179.9696,-0.0910,179.9105
5.7188,approaching,0.0000,0.0000,0.0000,0.0000,0.0000,0.0000,179.9697,-0.0909,179.9104
5.7290,approaching,0.0000,0.0000,0.0000,0.0000,0.0000,0.0000,179.9697,-0.0909,179.9104
5.7395,approaching,0.0000,0.0000,0.0000,0.0000,0.0000,0.0000,179.9698,-0.0906,179.9104
5.7493,approaching,0.0000,0.0000,0.0000,0.0000,0.0000,0.0000,179.9696,-0.0911,179.9104
5.7597,approaching,0.0000,0.0000,0.0000,0.0000,0.0000,0.0000,179.9696,-0.0911,179.9104
5.7689,approaching,0.0000,0.0000,0.0000,0.0000,0.0000,0.0000,179.9696,-0.0911,179.9104
5.7808,approaching,0.0000,0.0000,0.0000,0.0000,0.0000,0.0000,179.9696,-0.0910,179.9104
5.7892,approaching,0.0000,0.0000,0.0000,0.0000,0.0000,0.0000,179.9696,-0.0910,179.9104
5.7990,approaching,0.0000,0.0000,0.0000,0.0000,0.0000,0.0000,179.9697,-0.0907,179.9104
5.8089,approaching,0.0000,0.0000,0.0000,0.0000,0.0000,0.0000,179.9696,-0.0910,179.9103
5.8190,approaching,0.0000,0.0000,0.0000,0.0000,0.0000,0.0000,179.9696,-0.0910,179.9103
5.8289,approaching,0.0000,0.0000,0.0000,0.0000,0.0000,0.0000,179.9695,-0.0914,179.9103
5.8393,approaching,0.0000,0.0000,0.0000,0.0000,0.0000,0.0000,179.9698,-0.0904,179.9103
5.8495,approaching,0.0000,0.0000,0.0000,0.0000,0.0000,0.0000,179.9698,-0.0904,179.9103
5.8589,approaching,0.0000,0.0000,0.0000,0.0000,0.0000,0.0000,179.9695,-0.0912,179.9103
5.8688,approaching,0.0000,0.0000,0.0000,0.0000,0.0000,0.0000,179.9696,-0.0909,179.9102
5.8789,approaching,0.0000,0.0000,0.0000,0.0000,0.0000,0.0000,179.9696,-0.0909,179.9102
5.8891,approaching,0.0000,0.0000,0.0000,0.0000,0.0000,0.0000,179.9695,-0.0912,179.9102
5.9000,approaching,0.0000,0.0000,0.0000,0.0000,0.0000,0.0000,179.9696,-0.0911,179.9102
5.9093,approaching,0.0000,0.0000,0.0000,0.0000,0.0000,0.0000,179.9696,-0.0911,179.9102
5.9192,approaching,0.0000,0.0000,0.0000,0.0000,0.0000,0.0000,179.9697,-0.0908,179.9102
5.9290,approaching,0.0000,0.0000,0.0000,0.0000,0.0000,0.0000,179.9697,-0.0907,179.9101
5.9388,approaching,0.0000,0.0000,0.0000,0.0000,0.0000,0.0000,179.9697,-0.0907,179.9101
5.9500,approaching,0.0000,0.0000,0.0000,0.0000,0.0000,0.0000,179.9696,-0.0910,179.9101
5.9601,approaching,0.0000,0.0000,0.0000,0.0000,0.0000,0.0000,179.9694,-0.0914,179.9101
5.9688,approaching,0.0000,0.0000,0.0000,0.0000,0.0000,0.0000,179.9694,-0.0914,179.9101
5.9804,approaching,0.0000,0.0000,0.0000,0.0000,0.0000,0.0000,179.9695,-0.0913,179.9100
5.9889,approaching,0.0000,0.0000,0.0000,0.0000,0.0000,0.0000,179.9695,-0.0912,179.9100
5.9995,approaching,0.0000,0.0000,0.0000,0.0000,0.0000,0.0000,179.9695,-0.0912,179.9100
6.0094,approaching,0.0000,0.0000,0.0000,0.0000,0.0000,0.0000,179.9692,-0.0920,179.9100
6.0188,approaching,0.0000,0.0000,0.0000,0.0000,0.0000,0.0000,179.9698,-0.0905,179.9100
6.0289,approaching,0.0000,0.0000,0.0000,0.0000,0.0000,0.0000,179.9698,-0.0905,179.9100
6.0391,approaching,0.0000,0.0000,0.0000,0.0000,0.0000,0.0000,179.9696,-0.0911,179.9099
6.0491,approaching,0.0000,0.0000,0.0000,0.0000,0.0000,0.0000,179.9697,-0.0907,179.9099
6.0589,approaching,0.0000,0.0000,0.0000,0.0000,0.0000,0.0000,179.9697,-0.0907,179.9099
6.0690,approaching,0.0000,0.0000,0.0000,0.0000,0.0000,0.0000,179.9696,-0.0909,179.9099
6.0789,approaching,0.0000,0.0000,0.0000,0.0000,0.0000,0.0000,179.9697,-0.0909,179.9099
6.0890,approaching,0.0000,0.0000,0.0000,0.0000,0.0000,0.0000,179.9697,-0.0909,179.9099
6.0996,approaching,0.0000,0.0000,0.0000,0.0000,0.0000,0.0000,179.9694,-0.0914,179.9099
6.1102,approaching,0.0000,0.0000,0.0000,0.0000,0.0000,0.0000,179.9692,-0.0919,179.9098
6.1206,approaching,0.0000,0.0000,0.0000,0.0000,0.0000,0.0000,179.9692,-0.0919,179.9098
6.1289,approaching,0.0000,0.0000,0.0000,0.0000,0.0000,0.0000,179.9692,-0.0919,179.9098
6.1400,approaching,0.0000,0.0000,0.0000,0.0000,0.0000,0.0000,179.9692,-0.0919,179.9098
6.1506,approaching,0.0000,0.0000,0.0000,0.0000,0.0000,0.0000,179.9692,-0.0919,179.9098
6.1593,approaching,0.0000,0.0000,0.0000,0.0000,0.0000,0.0000,179.9692,-0.0919,179.9098
6.1690,approaching,0.0000,0.0000,0.0000,0.0000,0.0000,0.0000,179.9693,-0.0918,179.9098
6.1805,approaching,0.0000,0.0000,0.0000,0.0000,0.0000,0.0000,179.9693,-0.0918,179.9098
6.1889,approaching,0.0000,0.0000,0.0000,0.0000,0.0000,0.0000,179.9693,-0.0917,179.9097
6.1988,approaching,0.0000,0.0000,0.0000,0.0000,0.0000,0.0000,179.9694,-0.0914,179.9097
6.2092,approaching,0.0000,0.0000,0.0000,0.0000,0.0000,0.0000,179.9694,-0.0914,179.9097
6.2191,approaching,0.0000,0.0000,0.0000,0.0000,0.0000,0.0000,179.9695,-0.0911,179.9097
6.2300,approaching,0.0000,0.0000,0.0000,0.0000,0.0000,0.0000,179.9696,-0.0911,179.9102
6.2389,approaching,0.0000,0.0000,0.0000,0.0000,0.0000,0.0000,179.9696,-0.0911,179.9102
6.2489,approaching,0.0000,0.0000,0.0000,0.0000,0.0000,0.0000,179.9695,-0.0913,179.9102
6.2608,approaching,0.0000,0.0000,0.0000,0.0000,0.0000,0.0000,179.9695,-0.0912,179.9102
6.2693,approaching,0.0000,0.0000,0.0000,0.0000,0.0000,0.0000,179.9695,-0.0912,179.9102
6.2790,approaching,0.0000,0.0000,0.0000,0.0000,0.0000,0.0000,179.9695,-0.0911,179.9101
6.2908,approaching,0.0000,0.0000,0.0000,0.0000,0.0000,0.0000,179.9696,-0.0910,179.9101
6.2990,approaching,0.0000,0.0000,0.0000,0.0000,0.0000,0.0000,179.9696,-0.0910,179.9101
6.3089,approaching,0.0000,0.0000,0.0000,0.0000,0.0000,0.0000,179.9696,-0.0909,179.9106
6.3201,approaching,0.0000,0.0000,0.0000,0.0000,0.0000,0.0000,179.9697,-0.0907,179.9106
6.3289,approaching,0.0000,0.0000,0.0000,0.0000,0.0000,0.0000,179.9697,-0.0907,179.9106
6.3394,approaching,0.0000,0.0000,0.0000,0.0000,0.0000,0.0000,179.9695,-0.0911,179.9106
6.3489,approaching,0.0000,0.0000,0.0000,0.0000,0.0000,0.0000,179.9694,-0.0915,179.9106
6.3589,approaching,0.0000,0.0000,0.0000,0.0000,0.0000,0.0000,179.9694,-0.0915,179.9106
6.3691,approaching,0.0000,0.0000,0.0000,0.0000,0.0000,0.0000,179.9697,-0.0908,179.9105
6.3796,approaching,0.0000,0.0000,0.0000,0.0000,0.0000,0.0000,179.9696,-0.0909,179.9105
6.3896,approaching,0.0000,0.0000,0.0000,0.0000,0.0000,0.0000,179.9696,-0.0909,179.9105
6.3988,approaching,0.0000,0.0000,0.0000,0.0000,0.0000,0.0000,179.9698,-0.0904,179.9111
6.4089,approaching,0.0000,0.0000,0.0000,0.0000,0.0000,0.0000,179.9699,-0.0903,179.9110
6.4196,approaching,0.0000,0.0000,0.0000,0.0000,0.0000,0.0000,179.9699,-0.0903,179.9110
6.4298,approaching,0.0000,0.0000,0.0000,0.0000,0.0000,0.0000,179.9698,-0.0904,179.9110
6.4389,approaching,0.0000,0.0000,0.0000,0.0000,0.0000,0.0000,179.9698,-0.0903,179.9110
6.4507,approaching,0.0000,0.0000,0.0000,0.0000,0.0000,0.0000,179.9698,-0.0903,179.9110
6.4589,approaching,0.0000,0.0000,0.0000,0.0000,0.0000,0.0000,179.9699,-0.0901,179.9109
6.4689,approaching,0.0000,0.0000,0.0000,0.0000,0.0000,0.0000,179.9698,-0.0903,179.9109
6.4795,approaching,0.0000,0.0000,0.0000,0.0000,0.0000,0.0000,179.9698,-0.0903,179.9109
6.4891,approaching,0.0000,0.0000,0.0000,0.0000,0.0000,0.0000,179.9697,-0.0906,179.9109
6.4992,approaching,0.0000,0.0000,0.0000,0.0000,0.0000,0.0000,179.9696,-0.0910,179.9109
6.5089,approaching,0.0000,0.0000,0.0000,0.0000,0.0000,0.0000,179.9696,-0.0910,179.9109
6.5189,approaching,0.0000,0.0000,0.0000,0.0000,0.0000,0.0000,179.9696,-0.0910,179.9109
6.5290,approaching,0.0000,0.0000,0.0000,0.0000,0.0000,0.0000,179.9697,-0.0907,179.9108
6.5391,approaching,0.0000,0.0000,0.0000,0.0000,0.0000,0.0000,179.9697,-0.0907,179.9108
6.5489,approaching,0.0000,0.0000,0.0000,0.0000,0.0000,0.0000,179.9697,-0.0906,179.9108
6.5588,approaching,0.0000,0.0000,0.0000,0.0000,0.0000,0.0000,179.9697,-0.0905,179.9108
6.5689,approaching,0.0000,0.0000,0.0000,0.0000,0.0000,0.0000,179.9697,-0.0905,179.9108
6.5796,approaching,0.0000,0.0000,0.0000,0.0000,0.0000,0.0000,179.9694,-0.0913,179.9108
6.5889,approaching,0.0000,0.0000,0.0000,0.0000,0.0000,0.0000,179.9697,-0.0906,179.9108
6.5990,approaching,0.0000,0.0000,0.0000,0.0000,0.0000,0.0000,179.9697,-0.0906,179.9108
6.6090,approaching,0.0000,0.0000,0.0000,0.0000,0.0000,0.0000,179.9698,-0.0903,179.9107
6.6196,approaching,0.0000,0.0000,0.0000,0.0000,0.0000,0.0000,179.9700,-0.0900,179.9107
6.6294,approaching,0.0000,0.0000,0.0000,0.0000,0.0000,0.0000,179.9700,-0.0900,179.9107
6.6392,approaching,0.0000,0.0000,0.0000,0.0000,0.0000,0.0000,179.9696,-0.0910,179.9107
6.6504,approaching,0.0000,0.0000,0.0000,0.0000,0.0000,0.0000,179.9695,-0.0910,179.9107
6.6591,approaching,0.0000,0.0000,0.0000,0.0000,0.0000,0.0000,179.9695,-0.0910,179.9107
6.6689,approaching,0.0000,0.0000,0.0000,0.0000,0.0000,0.0000,179.9696,-0.0909,179.9106
6.6789,approaching,0.0000,0.0000,0.0000,0.0000,0.0000,0.0000,179.9695,-0.0912,179.9106
6.6890,approaching,0.0000,0.0000,0.0000,0.0000,0.0000,0.0000,179.9695,-0.0912,179.9106
6.6990,approaching,0.0000,0.0000,0.0000,0.0000,0.0000,0.0000,179.9697,-0.0906,179.9106
6.7089,approaching,0.0000,0.0000,0.0000,0.0000,0.0000,0.0000,179.9695,-0.0910,179.9105
6.7189,approaching,0.0000,0.0000,0.0000,0.0000,0.0000,0.0000,179.9695,-0.0910,179.9105
6.7289,approaching,0.0000,0.0000,0.0000,0.0000,0.0000,0.0000,179.9695,-0.0911,179.9105
6.7395,approaching,0.0000,0.0000,0.0000,0.0000,0.0000,0.0000,179.9695,-0.0912,179.9105
6.7493,approaching,0.0000,0.0000,0.0000,0.0000,0.0000,0.0000,179.9695,-0.0912,179.9105
6.7588,approaching,0.0000,0.0000,0.0000,0.0000,0.0000,0.0000,179.9695,-0.0911,179.9105
6.7691,approaching,0.0000,0.0000,0.0000,0.0000,0.0000,0.0000,179.9695,-0.0910,179.9104
6.7789,approaching,0.0000,0.0000,0.0000,0.0000,0.0000,0.0000,179.9695,-0.0910,179.9104
6.7909,approaching,0.0000,0.0000,0.0000,0.0000,0.0000,0.0000,179.9695,-0.0911,179.9104
6.7989,approaching,0.0000,0.0000,0.0000,0.0000,0.0000,0.0000,179.9694,-0.0913,179.9104
6.8089,approaching,0.0000,0.0000,0.0000,0.0000,0.0000,0.0000,179.9694,-0.0913,179.9104
6.8196,approaching,0.0000,0.0000,0.0000,0.0000,0.0000,0.0000,179.9697,-0.0905,179.9104
6.8292,approaching,0.0000,0.0000,0.0000,0.0000,0.0000,0.0000,179.9698,-0.0905,179.9104
6.8395,approaching,0.0000,0.0000,0.0000,0.0000,0.0000,0.0000,179.9698,-0.0905,179.9104
6.8490,approaching,0.0000,0.0000,0.0000,0.0000,0.0000,0.0000,179.9698,-0.0905,179.9104
6.8604,approaching,0.0000,0.0000,0.0000,0.0000,0.0000,0.0000,179.9696,-0.0908,179.9103
6.8690,approaching,0.0000,0.0000,0.0000,0.0000,0.0000,0.0000,179.9696,-0.0908,179.9103
6.8789,approaching,0.0000,0.0000,0.0000,0.0000,0.0000,0.0000,179.9697,-0.0905,179.9103
6.8890,approaching,0.0000,0.0000,0.0000,0.0000,0.0000,0.0000,179.9697,-0.0905,179.9103
6.9003,approaching,0.0000,0.0000,0.0000,0.0000,0.0000,0.0000,179.9697,-0.0905,179.9103
6.9099,approaching,0.0000,0.0000,0.0000,0.0000,0.0000,0.0000,179.9696,-0.0908,179.9103
6.9188,approaching,0.0000,0.0000,0.0000,0.0000,0.0000,0.0000,179.9696,-0.0909,179.9102
6.9290,approaching,0.0000,0.0000,0.0000,0.0000,0.0000,0.0000,179.9696,-0.0909,179.9102
6.9393,approaching,0.0000,0.0000,0.0000,0.0000,0.0000,0.0000,179.9691,-0.0919,179.9102
6.9490,approaching,0.0000,0.0000,0.0000,0.0000,0.0000,0.0000,179.9692,-0.0917,179.9102
6.9589,approaching,0.0000,0.0000,0.0000,0.0000,0.0000,0.0000,179.9692,-0.0917,179.9102
6.9688,approaching,0.0000,0.0000,0.0000,0.0000,0.0000,0.0000,179.9691,-0.0921,179.9102
6.9789,approaching,0.0000,0.0000,0.0000,0.0000,0.0000,0.0000,179.9694,-0.0914,179.9101
6.9891,approaching,0.0000,0.0000,0.0000,0.0000,0.0000,0.0000,179.9694,-0.0914,179.9101
6.9994,approaching,0.0000,0.0000,0.0000,0.0000,0.0000,0.0000,179.9691,-0.0919,179.9101
7.0088,approaching,0.0000,0.0000,0.0000,0.0000,0.0000,0.0000,179.9695,-0.0910,179.9101
7.0199,approaching,0.0000,0.0000,0.0000,0.0000,0.0000,0.0000,179.9695,-0.0910,179.9101
7.0289,approaching,0.0000,0.0000,0.0000,0.0000,0.0000,0.0000,179.9696,-0.0907,179.9100
7.0390,approaching,0.0000,0.0000,0.0000,0.0000,0.0000,0.0000,179.9697,-0.0905,179.9100
7.0494,approaching,0.0000,0.0000,0.0000,0.0000,0.0000,0.0000,179.9697,-0.0905,179.9100
7.0590,approaching,0.0000,0.0000,0.0000,0.0000,0.0000,0.0000,179.9698,-0.0902,179.9100
7.0688,approaching,0.0000,0.0000,0.0000,0.0000,0.0000,0.0000,179.9695,-0.0910,179.9100
7.0789,approaching,0.0000,0.0000,0.0000,0.0000,0.0000,0.0000,179.9695,-0.0910,179.9100
7.0904,approaching,0.0000,0.0000,0.0000,0.0000,0.0000,0.0000,179.9695,-0.0911,179.9100
7.0989,approaching,0.0000,0.0000,0.0000,0.0000,0.0000,0.0000,179.9695,-0.0911,179.9099
7.1114,approaching,0.0000,0.0000,0.0000,0.0000,0.0000,0.0000,179.9695,-0.0911,179.9099
7.1193,approaching,0.0000,0.0000,0.0000,0.0000,0.0000,0.0000,179.9696,-0.0909,179.9099
7.1303,approaching,0.0000,0.0000,0.0000,0.0000,0.0000,0.0000,179.9695,-0.0912,179.9099
7.1392,approaching,0.0000,0.0000,0.0000,0.0000,0.0000,0.0000,179.9695,-0.0912,179.9099
7.1500,approaching,0.0000,0.0000,0.0000,0.0000,0.0000,0.0000,179.9694,-0.0914,179.9099
7.1592,approaching,0.0000,0.0000,0.0000,0.0000,0.0000,0.0000,179.9694,-0.0913,179.9099
7.1691,approaching,0.0000,0.0000,0.0000,0.0000,0.0000,0.0000,179.9694,-0.0913,179.9099
7.1791,approaching,0.0000,0.0000,0.0000,0.0000,0.0000,0.0000,179.9693,-0.0915,179.9098
7.1888,approaching,0.0000,0.0000,0.0000,0.0000,0.0000,0.0000,179.9693,-0.0914,179.9098
7.1995,approaching,0.0000,0.0000,0.0000,0.0000,0.0000,0.0000,179.9693,-0.0914,179.9098
7.2090,approaching,0.0000,0.0000,0.0000,0.0000,0.0000,0.0000,179.9696,-0.0909,179.9098
7.2190,approaching,0.0000,0.0000,0.0000,0.0000,0.0000,0.0000,179.9696,-0.0908,179.9097
7.2289,approaching,0.0000,0.0000,0.0000,0.0000,0.0000,0.0000,179.9696,-0.0908,179.9097
7.2395,approaching,0.0000,0.0000,0.0000,0.0000,0.0000,0.0000,179.9694,-0.0912,179.9097
7.2495,approaching,0.0000,0.0000,0.0000,0.0000,0.0000,0.0000,179.9695,-0.0911,179.9102
7.2592,approaching,0.0000,0.0000,0.0000,0.0000,0.0000,0.0000,179.9695,-0.0911,179.9102
7.2691,approaching,0.0000,0.0000,0.0000,0.0000,0.0000,0.0000,179.9695,-0.0911,179.9102
7.2792,approaching,0.0000,0.0000,0.0000,0.0000,0.0000,0.0000,179.9691,-0.0919,179.9102
7.2888,approaching,0.0000,0.0000,0.0000,0.0000,0.0000,0.0000,179.9691,-0.0919,179.9102
7.3000,approaching,0.0000,0.0000,0.0000,0.0000,0.0000,0.0000,179.9690,-0.0923,179.9102
7.3094,approaching,0.0000,0.0000,0.0000,0.0000,0.0000,0.0000,179.9690,-0.0922,179.9102
7.3209,approaching,0.0000,0.0000,0.0000,0.0000,0.0000,0.0000,179.9690,-0.0922,179.9102
7.3291,approaching,0.0000,0.0000,0.0000,0.0000,0.0000,0.0000,179.9695,-0.0911,179.9102
7.3392,approaching,0.0000,0.0000,0.0000,0.0000,0.0000,0.0000,179.9696,-0.0907,179.9101
7.3493,approaching,0.0000,0.0000,0.0000,0.0000,0.0000,0.0000,179.9696,-0.0907,179.9101
7.3597,approaching,0.0000,0.0000,0.0000,0.0000,0.0000,0.0000,179.9695,-0.0909,179.9107
7.3692,approaching,0.0000,0.0000,0.0000,0.0000,0.0000,0.0000,179.9695,-0.0910,179.9106
7.3790,approaching,0.0000,0.0000,0.0000,0.0000,0.0000,0.0000,179.9695,-0.0910,179.9106
7.3892,approaching,0.0000,0.0000,0.0000,0.0000,0.0000,0.0000,179.9697,-0.0904,179.9106
7.3990,approaching,0.0000,0.0000,0.0000,0.0000,0.0000,0.0000,179.9696,-0.0907,179.9106
7.4097,approaching,0.0000,0.0000,0.0000,0.0000,0.0000,0.0000,179.9696,-0.0907,179.9106
7.4195,approaching,0.0000,0.0000,0.0000,0.0000,0.0000,0.0000,179.9695,-0.0911,179.9105
7.4298,approaching,0.0000,0.0000,0.0000,0.0000,0.0000,0.0000,179.9696,-0.0908,179.9105
7.4389,approaching,0.0000,0.0000,0.0000,0.0000,0.0000,0.0000,179.9696,-0.0908,179.9105
7.4490,approaching,0.0000,0.0000,0.0000,0.0000,0.0000,0.0000,179.9695,-0.0909,179.9111
7.4589,approaching,0.0000,0.0000,0.0000,0.0000,0.0000,0.0000,179.9696,-0.0908,179.9110
7.4695,approaching,0.0000,0.0000,0.0000,0.0000,0.0000,0.0000,179.9696,-0.0908,179.9110
7.4791,approaching,0.0000,0.0000,0.0000,0.0000,0.0000,0.0000,179.9695,-0.0909,179.9110
7.4888,approaching,0.0000,0.0000,0.0000,0.0000,0.0000,0.0000,179.9696,-0.0908,179.9110
7.4990,approaching,0.0000,0.0000,0.0000,0.0000,0.0000,0.0000,179.9696,-0.0908,179.9110
7.5100,approaching,0.0000,0.0000,0.0000,0.0000,0.0000,0.0000,179.9696,-0.0907,179.9109
7.5195,approaching,0.0000,0.0000,0.0000,0.0000,0.0000,0.0000,179.9696,-0.0907,179.9109
7.5289,approaching,0.0000,0.0000,0.0000,0.0000,0.0000,0.0000,179.9696,-0.0907,179.9109
7.5399,approaching,0.0000,0.0000,0.0000,0.0000,0.0000,0.0000,179.9695,-0.0910,179.9109
7.5488,approaching,0.0000,0.0000,0.0000,0.0000,0.0000,0.0000,179.9696,-0.0908,179.9109
7.5593,approaching,0.0000,0.0000,0.0000,0.0000,0.0000,0.0000,179.9696,-0.0908,179.9109
7.5703,approaching,0.0000,0.0000,0.0000,0.0000,0.0000,0.0000,179.9695,-0.0909,179.9109
7.5804,approaching,0.0000,0.0000,0.0000,0.0000,0.0000,0.0000,179.9701,-0.0910,179.9108
7.5889,approaching,0.0000,0.0000,0.0000,0.0000,0.0000,0.0000,179.9701,-0.0910,179.9108
7.5991,approaching,0.0000,0.0000,0.0000,0.0000,0.0000,0.0000,179.9700,-0.0913,179.9108
7.6092,approaching,0.0000,0.0000,0.0000,0.0000,0.0000,0.0000,179.9701,-0.0908,179.9108
7.6192,approaching,0.0000,0.0000,0.0000,0.0000,0.0000,0.0000,179.9701,-0.0908,179.9108
7.6306,approaching,0.0000,0.0000,0.0000,0.0000,0.0000,0.0000,179.9701,-0.0909,179.9108
7.6389,approaching,0.0000,0.0000,0.0000,0.0000,0.0000,0.0000,179.9701,-0.0909,179.9108
7.6489,approaching,0.0000,0.0000,0.0000,0.0000,0.0000,0.0000,179.9701,-0.0909,179.9108
7.6610,approaching,0.0000,0.0000,0.0000,0.0000,0.0000,0.0000,179.9701,-0.0910,179.9107
7.6693,approaching,0.0000,0.0000,0.0000,0.0000,0.0000,0.0000,179.9702,-0.0907,179.9107
7.6789,approaching,0.0000,0.0000,0.0000,0.0000,0.0000,0.0000,179.9702,-0.0907,179.9107
7.6905,approaching,0.0000,0.0000,0.0000,0.0000,0.0000,0.0000,179.9702,-0.0906,179.9107
7.6989,approaching,0.0000,0.0000,0.0000,0.0000,0.0000,0.0000,179.9699,-0.0914,179.9107
7.7102,approaching,0.0000,0.0000,0.0000,0.0000,0.0000,0.0000,179.9699,-0.0914,179.9107
7.7197,approaching,0.0000,0.0000,0.0000,0.0000,0.0000,0.0000,179.9700,-0.0913,179.9106
7.7290,approaching,0.0000,0.0000,0.0000,0.0000,0.0000,0.0000,179.9698,-0.0915,179.9106
7.7396,approaching,0.0000,0.0000,0.0000,0.0000,0.0000,0.0000,179.9698,-0.0915,179.9106
7.7489,approaching,0.0000,0.0000,0.0000,0.0000,0.0000,0.0000,179.9696,-0.0922,179.9106
7.7589,approaching,0.0000,0.0000,0.0000,0.0000,0.0000,0.0000,179.9697,-0.0919,179.9106
7.7690,approaching,0.0000,0.0000,0.0000,0.0000,0.0000,0.0000,179.9697,-0.0919,179.9106
7.7796,approaching,0.0000,0.0000,0.0000,0.0000,0.0000,0.0000,179.9697,-0.0920,179.9105
7.7902,approaching,0.0000,0.0000,0.0000,0.0000,0.0000,0.0000,179.9696,-0.0920,179.9105
7.7989,approaching,0.0000,0.0000,0.0000,0.0000,0.0000,0.0000,179.9696,-0.0920,179.9105
7.8090,approaching,0.0000,0.0000,0.0000,0.0000,0.0000,0.0000,179.9699,-0.0914,179.9105
7.8194,approaching,0.0000,0.0000,0.0000,0.0000,0.0000,0.0000,179.9697,-0.0919,179.9105
7.8292,approaching,0.0000,0.0000,0.0000,0.0000,0.0000,0.0000,179.9697,-0.0919,179.9105
7.8389,approaching,0.0000,0.0000,0.0000,0.0000,0.0000,0.0000,179.9700,-0.0913,179.9104
7.8493,approaching,0.0000,0.0000,0.0000,0.0000,0.0000,0.0000,179.9700,-0.0912,179.9104
7.8597,approaching,0.0000,0.0000,0.0000,0.0000,0.0000,0.0000,179.9700,-0.0912,179.9104
7.8692,approaching,0.0000,0.0000,0.0000,0.0000,0.0000,0.0000,179.9700,-0.0911,179.9104
7.8790,approaching,0.0000,0.0000,0.0000,0.0000,0.0000,0.0000,179.9699,-0.0913,179.9104
7.8903,approaching,0.0000,0.0000,0.0000,0.0000,0.0000,0.0000,179.9699,-0.0913,179.9104
7.8989,approaching,0.0000,0.0000,0.0000,0.0000,0.0000,0.0000,179.9698,-0.0916,179.9103
7.9090,approaching,0.0000,0.0000,-0.2006,0.0000,0.0000,0.0000,179.9699,-0.0913,179.9103
7.9194,approaching,0.0000,0.0000,-0.2012,0.0000,0.0000,0.0000,179.9699,-0.0913,179.9103
7.9295,approaching,0.0000,0.0000,-0.2019,0.0000,0.0000,0.0000,179.9698,-0.0916,179.9103
7.9389,approaching,0.0000,0.0000,-0.2025,0.0000,0.0000,0.0000,179.9703,-0.0903,179.9103
7.9490,approaching,0.0000,0.0000,-0.2031,0.0000,0.0000,0.0000,179.9703,-0.0903,179.9103
7.9590,approaching,0.0000,0.0000,-0.2040,0.0000,0.0000,0.0000,179.9700,-0.0912,179.9102
7.9691,approaching,0.0000,0.0000,-0.2045,0.0000,0.0000,0.0000,179.9700,-0.0911,179.9102
7.9791,approaching,0.0000,0.0000,-0.2047,0.0000,0.0000,0.0000,179.9700,-0.0911,179.9102
7.9892,approaching,0.0000,0.0000,-0.2045,0.0000,0.0000,0.0000,179.9698,-0.0916,179.9102
7.9989,approaching,0.0000,0.0000,-0.2044,0.0000,0.0000,0.0000,179.9696,-0.0920,179.9102
8.0089,approaching,0.0000,0.0000,-0.2039,0.0000,0.0000,0.0000,179.9696,-0.0920,179.9102
8.0193,approaching,0.0000,0.0000,-0.2033,0.0000,0.0000,0.0000,179.9696,-0.0920,179.9102
8.0291,approaching,0.0000,0.0000,-0.2026,0.0000,0.0000,0.0000,179.9699,-0.0914,179.9102
8.0389,approaching,0.0000,0.0000,-0.2019,0.0000,0.0000,0.0000,179.9699,-0.0914,179.9102
8.0491,approaching,0.0000,0.0000,-0.2013,0.0000,0.0000,0.0000,179.9698,-0.0915,179.9101
8.0590,approaching,0.0000,0.0000,-0.2006,0.0000,0.0000,0.0000,179.9699,-0.0914,179.9101
8.0695,approaching,0.0000,0.0000,0.0000,0.0000,0.0000,0.0000,179.9699,-0.0914,179.9101
8.0795,approaching,0.0000,0.0000,0.0000,0.0000,0.0000,0.0000,179.9698,-0.0915,179.9101
8.0889,approaching,0.0000,0.0000,0.0000,0.0000,0.0000,0.0000,179.9700,-0.0912,179.9100
8.0989,approaching,0.0000,0.0000,0.0000,0.0000,0.0000,0.0000,179.9700,-0.0912,179.9100
8.1089,approaching,0.0000,0.0000,0.0000,0.0000,0.0000,0.0000,179.9699,-0.0915,179.9100
8.1219,approaching,0.0000,0.0000,0.0000,0.0000,0.0000,0.0000,179.9699,-0.0914,179.9100
8.1305,approaching,0.0000,0.0000,0.0000,0.0000,0.0000,0.0000,179.9699,-0.0914,179.9100
8.1391,approaching,0.0000,0.0000,0.0000,0.0000,0.0000,0.0000,179.9698,-0.0916,179.9100
8.1492,approaching,0.0000,0.0000,0.0000,0.0000,0.0000,0.0000,179.9699,-0.0914,179.9099
8.1600,approaching,0.0000,0.0000,0.0000,0.0000,0.0000,0.0000,179.9699,-0.0914,179.9099
8.1690,approaching,0.0000,0.0000,0.0000,0.0000,0.0000,0.0000,179.9698,-0.0917,179.9099
8.1789,approaching,0.0000,0.0000,0.0000,0.0000,0.0000,0.0000,179.9700,-0.0910,179.9099
8.1898,approaching,0.0000,0.0000,0.0000,0.0000,0.0000,0.0000,179.9700,-0.0910,179.9099
8.1991,approaching,0.0000,0.0000,0.0000,0.0000,0.0000,0.0000,179.9701,-0.0910,179.9099
8.2089,approaching,0.0000,0.0000,0.0000,0.0000,0.0000,0.0000,179.9701,-0.0909,179.9099
8.2189,approaching,0.0000,0.0000,0.0000,0.0000,0.0000,0.0000,179.9701,-0.0909,179.9099
8.2289,approaching,0.0000,0.0000,0.0000,0.0000,0.0000,0.0000,179.9700,-0.0911,179.9098
8.2391,approaching,0.0000,0.0000,0.0000,0.0000,0.0000,0.0000,179.9700,-0.0912,179.9098
8.2491,approaching,0.0000,0.0000,0.0000,0.0000,0.0000,0.0000,179.9700,-0.0912,179.9098
8.2603,approaching,0.0000,0.0000,0.0000,0.0000,0.0000,0.0000,179.9697,-0.0918,179.9098
8.2689,approaching,0.0000,0.0000,0.0000,0.0000,0.0000,0.0000,179.9698,-0.0915,179.9098
8.2789,approaching,0.0000,0.0000,0.0000,0.0000,0.0000,0.0000,179.9698,-0.0915,179.9098
8.2889,approaching,0.0000,0.0000,0.0000,0.0000,0.0000,0.0000,179.9696,-0.0921,179.9097
8.2996,approaching,0.0000,0.0000,0.0000,0.0000,0.0000,0.0000,179.9697,-0.0919,179.9097
8.3099,approaching,0.0000,0.0000,0.0000,0.0000,0.0000,0.0000,179.9697,-0.0919,179.9097
8.3189,approaching,0.0000,0.0000,0.0000,0.0000,0.0000,0.0000,179.9697,-0.0918,179.9097
8.3289,approaching,0.0000,0.0000,0.0000,0.0000,0.0000,0.0000,179.9700,-0.0912,179.9096
8.3388,approaching,0.0000,0.0000,0.0000,0.0000,0.0000,0.0000,179.9700,-0.0912,179.9096
8.3493,approaching,0.0000,0.0000,0.0000,0.0000,0.0000,0.0000,179.9699,-0.0914,179.9096
8.3589,approaching,0.0000,0.0000,0.0000,0.0000,0.0000,0.0000,179.9700,-0.0910,179.9096
8.3688,approaching,0.0000,0.0000,0.0000,0.0000,0.0000,0.0000,179.9700,-0.0910,179.9096
8.3794,approaching,0.0000,0.0000,0.0000,0.0000,0.0000,0.0000,179.9701,-0.0909,179.9096
8.3889,approaching,0.0000,0.0000,0.0000,0.0000,0.0000,0.0000,179.9699,-0.0913,179.9101
8.3992,approaching,0.0000,0.0000,0.0000,0.0000,0.0000,0.0000,179.9699,-0.0913,179.9101
8.4090,approaching,0.0000,0.0000,0.0000,0.0000,0.0000,0.0000,179.9699,-0.0913,179.9101
8.4192,approaching,0.0000,0.0000,0.0000,0.0000,0.0000,0.0000,179.9698,-0.0916,179.9101
8.4289,approaching,0.0000,0.0000,0.0000,0.0000,0.0000,0.0000,179.9698,-0.0916,179.9101
8.4388,approaching,0.0000,0.0000,0.0000,0.0000,0.0000,0.0000,179.9697,-0.0918,179.9106
8.4496,approaching,0.0000,0.0000,0.0000,0.0000,0.0000,0.0000,179.9701,-0.0907,179.9106
8.4592,approaching,0.0000,0.0000,0.0000,0.0000,0.0000,0.0000,179.9701,-0.0907,179.9106
8.4689,approaching,0.0000,0.0000,0.0000,0.0000,0.0000,0.0000,179.9700,-0.0911,179.9106
8.4791,approaching,0.0000,0.0000,0.0000,0.0000,0.0000,0.0000,179.9701,-0.0909,179.9111
8.4889,approaching,0.0000,0.0000,0.0000,0.0000,0.0000,0.0000,179.9701,-0.0909,179.9111
8.4991,approaching,0.0000,0.0000,0.0000,0.0000,0.0000,0.0000,179.9701,-0.0908,179.9111
8.5098,approaching,0.0000,0.0000,0.0000,0.0000,0.0000,0.0000,179.9704,-0.0902,179.9111
8.5189,approaching,0.0000,0.0000,0.0000,0.0000,0.0000,0.0000,179.9704,-0.0902,179.9111
8.5290,approaching,0.0000,0.0000,0.0000,0.0000,0.0000,0.0000,179.9700,-0.0910,179.9110
8.5393,approaching,0.0000,0.0000,0.0000,0.0000,0.0000,0.0000,179.9701,-0.0909,179.9110
8.5491,approaching,0.0000,0.0000,0.0000,0.0000,0.0000,0.0000,179.9701,-0.0909,179.9110
8.5590,approaching,0.0000,0.0000,0.0000,0.0000,0.0000,0.0000,179.9699,-0.0913,179.9110
8.5690,approaching,0.0000,0.0000,0.0000,0.0000,0.0000,0.0000,179.9701,-0.0909,179.9109
8.5790,approaching,0.0000,0.0000,0.0000,0.0000,0.0000,0.0000,179.9701,-0.0909,179.9109
8.5900,approaching,0.0000,0.0000,0.0000,0.0000,0.0000,0.0000,179.9700,-0.0911,179.9109
8.5989,approaching,0.0000,0.0000,0.0000,0.0000,0.0000,0.0000,179.9699,-0.0914,179.9109
8.6090,approaching,0.0000,0.0000,0.0000,0.0000,0.0000,0.0000,179.9699,-0.0914,179.9109
8.6195,approaching,0.0000,0.0000,0.0000,0.0000,0.0000,0.0000,179.9700,-0.0910,179.9109
8.6290,approaching,0.0000,0.0000,0.0000,0.0000,0.0000,0.0000,179.9700,-0.0910,179.9109
8.6389,approaching,0.0000,0.0000,0.0000,0.0000,0.0000,0.0000,179.9700,-0.0910,179.9109
8.6506,approaching,0.0000,0.0000,0.0000,0.0000,0.0000,0.0000,179.9698,-0.0914,179.9108
8.6590,approaching,0.0000,0.0000,0.0000,0.0000,0.0000,0.0000,179.9697,-0.0917,179.9108
8.6689,approaching,0.0000,0.0000,0.0000,0.0000,0.0000,0.0000,179.9697,-0.0917,179.9108
8.6792,approaching,0.0000,0.0000,0.0000,0.0000,0.0000,0.0000,179.9699,-0.0914,179.9108
8.6889,approaching,0.0000,0.0000,0.0000,0.0000,0.0000,0.0000,179.9700,-0.0910,179.9108
8.6993,approaching,0.0000,0.0000,0.0000,0.0000,0.0000,0.0000,179.9700,-0.0910,179.9108
8.7096,approaching,0.0000,0.0000,0.0000,0.0000,0.0000,0.0000,179.9697,-0.0918,179.9107
8.7188,approaching,0.0000,0.0000,0.0000,0.0000,0.0000,0.0000,179.9696,-0.0920,179.9107
8.7289,approaching,0.0000,0.0000,0.0000,0.0000,0.0000,0.0000,179.9696,-0.0920,179.9107
8.7389,approaching,0.0000,0.0000,0.0000,0.0000,0.0000,0.0000,179.9696,-0.0919,179.9107
8.7491,approaching,0.0000,0.0000,0.0000,0.0000,0.0000,0.0000,179.9699,-0.0913,179.9107
8.7611,approaching,0.0000,0.0000,0.0000,0.0000,0.0000,0.0000,179.9699,-0.0913,179.9107
8.7689,approaching,0.0000,0.0000,0.0000,0.0000,0.0000,0.0000,179.9699,-0.0913,179.9107
8.7795,approaching,0.0000,0.0000,0.0000,0.0000,0.0000,0.0000,179.9699,-0.0914,179.9106
8.7891,approaching,0.0000,0.0000,0.0000,0.0000,0.0000,0.0000,179.9699,-0.0914,179.9106
8.7991,approaching,0.0000,0.0000,0.0000,0.0000,0.0000,0.0000,179.9698,-0.0915,179.9106
8.8093,approaching,0.0000,0.0000,0.0000,0.0000,0.0000,0.0000,179.9699,-0.0912,179.9106
8.8191,approaching,0.0000,0.0000,0.0000,0.0000,0.0000,0.0000,179.9699,-0.0912,179.9106
8.8289,approaching,0.0000,0.0000,0.0000,0.0000,0.0000,0.0000,179.9699,-0.0913,179.9106
8.8389,approaching,0.0000,0.0000,0.0000,0.0000,0.0000,0.0000,179.9699,-0.0913,179.9105
8.8504,approaching,0.0000,0.0000,0.0000,0.0000,0.0000,0.0000,179.9699,-0.0913,179.9105
8.8612,approaching,0.0000,0.0000,0.0000,0.0000,0.0000,0.0000,179.9698,-0.0915,179.9105
8.8690,approaching,0.0000,0.0000,0.0000,0.0000,0.0000,0.0000,179.9699,-0.0913,179.9105
8.8789,approaching,0.0000,0.0000,0.0000,0.0000,0.0000,0.0000,179.9699,-0.0913,179.9105
8.8898,approaching,0.0000,0.0000,0.0000,0.0000,0.0000,0.0000,179.9698,-0.0915,179.9105
8.8989,approaching,0.0000,0.0000,0.0000,0.0000,0.0000,0.0000,179.9698,-0.0914,179.9104
8.9094,approaching,0.0000,0.0000,0.0000,0.0000,0.0000,0.0000,179.9698,-0.0914,179.9104
8.9193,approaching,0.0000,0.0000,0.0000,0.0000,0.0000,0.0000,179.9697,-0.0917,179.9104
8.9291,approaching,0.0000,0.0000,0.0000,0.0000,0.0000,0.0000,179.9698,-0.0916,179.9104
8.9397,approaching,0.0000,0.0000,0.0000,0.0000,0.0000,0.0000,179.9698,-0.0916,179.9104
8.9494,approaching,0.0000,0.0000,0.0000,0.0000,0.0000,0.0000,179.9698,-0.0915,179.9104
8.9590,approaching,0.0000,0.0000,0.0000,0.0000,0.0000,0.0000,179.9698,-0.0914,179.9103
8.9695,approaching,0.0000,0.0000,0.0000,0.0000,0.0000,0.0000,179.9698,-0.0914,179.9103
8.9790,approaching,0.0000,0.0000,0.0000,0.0000,0.0000,0.0000,179.9701,-0.0908,179.9103
8.9893,approaching,0.0000,0.0000,0.0000,0.0000,0.0000,0.0000,179.9700,-0.0909,179.9103
8.9988,approaching,0.0000,0.0000,0.0000,0.0000,0.0000,0.0000,179.9700,-0.0909,179.9103
9.0089,approaching,0.0000,0.0000,0.0000,0.0000,0.0000,0.0000,179.9700,-0.0911,179.9103
9.0204,approaching,0.0000,0.0000,0.0000,0.0000,0.0000,0.0000,179.9699,-0.0912,179.9102
9.0291,approaching,0.0000,0.0000,0.0000,0.0000,0.0000,0.0000,179.9699,-0.0912,179.9102
9.0388,approaching,0.0000,0.0000,0.0000,0.0000,0.0000,0.0000,179.9702,-0.0906,179.9102
9.0503,approaching,0.0000,0.0000,0.0000,0.0000,0.0000,0.0000,179.9702,-0.0906,179.9102
9.0589,approaching,0.0000,0.0000,0.0000,0.0000,0.0000,0.0000,179.9702,-0.0906,179.9102
9.0700,approaching,0.0000,0.0000,0.0000,0.0000,0.0000,0.0000,179.9701,-0.0908,179.9102
9.0806,approaching,0.0000,0.0000,0.0000,0.0000,0.0000,0.0000,179.9701,-0.0907,179.9101
9.0889,approaching,0.0000,0.0000,0.0000,0.0000,0.0000,0.0000,179.9701,-0.0907,179.9101
9.0989,approaching,0.0000,0.0000,0.0000,0.0000,0.0000,0.0000,179.9698,-0.0915,179.9101
9.1093,approaching,0.0000,0.0000,0.0000,0.0000,0.0000,0.0000,179.9700,-0.0910,179.9101
9.1192,approaching,0.0000,0.0000,0.0000,0.0000,0.0000,0.0000,179.9700,-0.0910,179.9101
9.1289,approaching,0.0000,0.0000,0.0000,0.0000,0.0000,0.0000,179.9701,-0.0908,179.9101
9.1393,approaching,0.0000,0.0000,0.0000,0.0000,0.0000,0.0000,179.9703,-0.0904,179.9100
9.1491,approaching,0.0000,0.0000,0.0000,0.0000,0.0000,0.0000,179.9703,-0.0904,179.9100
9.1607,approaching,0.0000,0.0000,0.0000,0.0000,0.0000,0.0000,179.9703,-0.0904,179.9100
9.1692,approaching,0.0000,0.0000,0.0000,0.0000,0.0000,0.0000,179.9702,-0.0906,179.9100
9.1794,approaching,0.0000,0.0000,0.0000,0.0000,0.0000,0.0000,179.9702,-0.0906,179.9100
9.1889,approaching,0.0000,0.0000,0.0000,0.0000,0.0000,0.0000,179.9702,-0.0905,179.9100
9.1991,approaching,0.0000,0.0000,0.0000,0.0000,0.0000,0.0000,179.9702,-0.0906,179.9100
9.2090,approaching,0.0000,0.0000,0.0000,0.0000,0.0000,0.0000,179.9702,-0.0906,179.9100
9.2195,approaching,0.0000,0.0000,0.0000,0.0000,0.0000,0.0000,179.9698,-0.0916,179.9100
9.2289,approaching,0.0000,0.0000,0.0000,0.0000,0.0000,0.0000,179.9697,-0.0916,179.9099
9.2390,approaching,0.0000,0.0000,0.0000,0.0000,0.0000,0.0000,179.9697,-0.0916,179.9099
9.2489,approaching,0.0000,0.0000,0.0000,0.0000,0.0000,0.0000,179.9697,-0.0917,179.9099
9.2589,approaching,0.0000,0.0000,0.0000,0.0000,0.0000,0.0000,179.9700,-0.0911,179.9099
9.2695,approaching,0.0000,0.0000,0.0000,0.0000,0.0000,0.0000,179.9700,-0.0911,179.9099
9.2796,approaching,0.0000,0.0000,0.0000,0.0000,0.0000,0.0000,179.9704,-0.0902,179.9099
9.2890,approaching,0.0000,0.0000,0.0000,0.0000,0.0000,0.0000,179.9699,-0.0913,179.9098
9.2989,approaching,0.0000,0.0000,0.0000,0.0000,0.0000,0.0000,179.9699,-0.0913,179.9098
9.3102,approaching,0.0000,0.0000,0.0000,0.0000,0.0000,0.0000,179.9701,-0.0907,179.9098
9.3188,approaching,0.0000,0.0000,0.0000,0.0000,0.0000,0.0000,179.9703,-0.0902,179.9098
9.3296,approaching,0.0000,0.0000,0.0000,0.0000,0.0000,0.0000,179.9703,-0.0902,179.9098
9.3403,approaching,0.0000,0.0000,0.0000,0.0000,0.0000,0.0000,179.9702,-0.0905,179.9103
9.3489,approaching,0.0000,0.0000,0.0000,0.0000,0.0000,0.0000,179.9700,-0.0911,179.9103
9.3589,approaching,0.0000,0.0000,0.0000,0.0000,0.0000,0.0000,179.9700,-0.0911,179.9103
9.3691,approaching,0.0000,0.0000,0.0000,0.0000,0.0000,0.0000,179.9700,-0.0910,179.9103
9.3793,approaching,0.0000,0.0000,0.0000,0.0000,0.0000,0.0000,179.9700,-0.0911,179.9102
9.3892,approaching,0.0000,0.0000,0.0000,0.0000,0.0000,0.0000,179.9700,-0.0911,179.9102
9.3990,approaching,0.0000,0.0000,0.0000,0.0000,0.0000,0.0000,179.9699,-0.0912,179.9102
9.4090,approaching,0.0000,0.0000,0.0000,0.0000,0.0000,0.0000,179.9698,-0.0914,179.9102
9.4194,approaching,0.0000,0.0000,0.0000,0.0000,0.0000,0.0000,179.9698,-0.0914,179.9102
9.4292,approaching,0.0000,0.0000,0.0000,0.0000,0.0000,0.0000,179.9699,-0.0911,179.9102
9.4389,approaching,0.0000,0.0000,0.0000,0.0000,0.0000,0.0000,179.9700,-0.0911,179.9101
9.4500,approaching,0.0000,0.0000,0.0000,0.0000,0.0000,0.0000,179.9700,-0.0911,179.9101
9.4589,approaching,0.0000,0.0000,0.0000,0.0000,0.0000,0.0000,179.9700,-0.0910,179.9101
9.4689,approaching,0.0000,0.0000,0.0000,0.0000,0.0000,0.0000,179.9700,-0.0911,179.9101
9.4797,approaching,0.0000,0.0000,0.0000,0.0000,0.0000,0.0000,179.9700,-0.0911,179.9101
9.4889,approaching,0.0000,0.0000,0.0000,0.0000,0.0000,0.0000,179.9700,-0.0910,179.9100
9.4989,approaching,0.0000,0.0000,0.0000,0.0000,0.0000,0.0000,179.9699,-0.0912,179.9100
9.5092,approaching,0.0000,0.0000,0.0000,0.0000,0.0000,0.0000,179.9699,-0.0912,179.9100
9.5188,approaching,0.0000,0.0000,0.0000,0.0000,0.0000,0.0000,179.9702,-0.0905,179.9100
9.5290,approaching,0.0000,0.0000,0.0000,0.0000,0.0000,0.0000,179.9702,-0.0905,179.9100
9.5395,approaching,0.0000,0.0000,0.0000,0.0000,0.0000,0.0000,179.9702,-0.0905,179.9100
9.5489,approaching,0.0000,0.0000,0.0000,0.0000,0.0000,0.0000,179.9701,-0.0907,179.9100
9.5590,approaching,0.0000,0.0000,0.0000,0.0000,0.0000,0.0000,179.9699,-0.0913,179.9100
9.5690,approaching,0.0000,0.0000,0.0000,0.0000,0.0000,0.0000,179.9699,-0.0913,179.9100
9.5798,approaching,0.0000,0.0000,0.0000,0.0000,0.0000,0.0000,179.9700,-0.0909,179.9099
